Team,Wins,Seed,PPG,AST,AST/TO Ratio,BKPG,FG%,OPP FG,OPP FGA,OPP FG%,FTA,FT%,Fouls,REB,RPG,OPP REB,OPP RPG,REB MAR,OPP PPG,SCR MAR,3FGA,3FG%,Opp 3FGA,Opp 3FG,Opp 3FG Pct,Opp TO,TO,Turnover Ratio,W/L Pct,ORebs,ORPG,DRebs,DRPG
Gonzaga (WCC),5,1,92.1,476,1.51,2.8,55.1,665,1589,41.9,590,72.7,433,986,37.9,796,30.6,7.3,69.1,23,520,36.5,548,178,32.5,397,315,3.2,100,249,9.58,737,28.35
Colgate (Patriot),0,14,86.3,265,1.75,3.5,49.8,388,952,40.8,294,73.1,235,596,39.7,525,35,4.7,68.6,17.7,340,40,352,92,26.1,181,151,2,93.3,146,9.73,450,30
Baylor (Big 12),6,1,84.4,409,1.37,3.8,49.3,575,1329,43.3,409,69.7,412,875,36.5,769,32,4.4,66.4,18,593,41.8,456,155,34,416,298,4.9,91.7,309,12.88,566,23.58
Iowa (Big Ten),1,2,83.8,555,2.01,4.5,46.9,772,1864,41.4,589,71.3,433,1164,40.1,1075,37.1,3.1,71.9,11.8,733,38.6,739,257,34.8,337,276,2.1,72.4,327,11.28,837,28.86
Arkansas (SEC),3,3,82.4,419,1.14,5.2,45.5,712,1716,41.5,593,73.7,474,1119,40,1000,35.7,4.2,70.7,11.7,649,33.9,645,210,32.6,431,368,2.2,78.6,335,11.96,784,28
LSU (SEC),1,8,82.1,332,1.05,2.8,46.3,724,1729,41.9,575,74.6,467,1034,38.3,1028,38.1,0.2,75.3,6.8,628,35,766,230,30,363,317,1.7,66.7,310,11.48,724,26.81
Oral Roberts (Summit League),2,15,81.8,329,1.1,4.1,45.4,707,1637,43.2,442,82.4,461,915,35.2,1013,39,-3.8,75.8,6,754,39,531,185,34.8,347,299,1.8,61.5,219,8.42,696,26.77
Illinois (Big Ten),1,1,81.4,473,1.24,2.8,49.9,725,1760,41.2,669,69.1,520,1172,40.4,880,30.3,10.1,69.2,12.2,524,37.6,581,190,32.7,335,381,-1.6,79.3,313,10.79,859,29.62
Ohio (MAC),1,13,80.9,412,1.49,2.1,48.9,598,1348,44.4,418,70.1,370,801,34.8,772,33.6,1.3,73.3,7.6,540,36.1,531,180,33.9,333,277,2.4,69.6,226,9.83,575,25
Alabama (SEC),2,2,79.6,426,1.01,4.4,43.1,753,1860,40.5,554,72,554,1215,40.5,1167,38.9,1.6,69.8,9.8,912,35.1,625,180,28.8,475,421,1.8,80,372,12.4,843,28.1
Winthrop (Big South),0,12,79.5,361,1.06,2.4,46.1,574,1332,43.1,522,68.6,436,966,40.2,751,31.3,9,66.8,12.8,575,35.3,485,157,32.4,392,340,2.2,95.8,313,13.04,653,27.21
Florida St. (ACC),2,4,78.9,322,1.02,5.1,47.4,514,1290,39.8,427,73.8,407,822,37.4,722,32.8,4.5,70.3,8.6,464,39,516,172,33.3,306,316,-0.5,72.7,257,11.68,565,25.68
BYU (WCC),0,6,78.7,431,1.25,2.8,48.2,641,1570,40.8,427,73.1,468,1024,39.4,847,32.6,6.8,68.5,10.3,616,37.8,551,180,32.7,302,346,-1.7,76.9,247,9.5,777,29.88
Eastern Wash. (Big Sky),0,14,78,347,1.31,2.9,46.7,583,1408,41.4,413,78.7,390,820,35.7,794,34.5,1.1,69.4,8.6,548,35.4,499,154,30.9,273,264,0.4,69.6,177,7.7,643,27.96
Abilene Christian (Southland),1,14,77.6,491,1.31,3.1,46,556,1390,40,571,67.3,524,980,36.3,912,33.8,2.5,60.5,17.1,606,35.3,481,147,30.6,547,374,6.4,85.2,309,11.44,671,24.85
Houston (AAC),4,2,77.6,381,1.3,4.7,44.4,517,1396,37,494,74.1,506,1110,41.1,863,32,9.1,57.9,19.8,699,36.1,531,146,27.5,395,293,3.8,88.9,387,14.33,723,26.78
Drake (MVC),0,11,77.4,399,1.33,3,49.4,677,1604,42.2,428,71.3,455,1043,36,897,30.9,5,64.7,12.8,552,37,582,184,31.6,375,299,2.6,86.2,300,10.34,743,25.62
Ohio St. (Big Ten),0,2,77.3,391,1.25,3.4,46,742,1751,42.4,646,76.3,554,1086,36.2,1010,33.7,2.5,71,6.4,677,36.5,665,227,34.1,306,313,-0.2,70,292,9.73,794,26.47
West Virginia (Big 12),1,3,77.3,373,1.14,2.9,42.8,716,1619,44.2,654,71.7,442,1033,38.3,965,35.7,2.5,72.1,5.2,549,35.7,603,195,32.3,401,328,2.7,66.7,367,13.59,666,24.67
Oklahoma St. (Big 12),1,4,77.1,370,0.83,4.4,46.7,726,1762,41.2,602,71.3,470,1081,38.6,994,35.5,3.1,72.9,4.2,529,33.8,657,209,31.8,402,446,-1.6,71.4,310,11.07,771,27.54
Creighton (Big East),2,5,77,444,1.42,3.5,47.6,694,1709,40.6,450,64.2,434,1011,36.1,1022,36.5,-0.4,68.3,8.7,742,36.7,666,214,32.1,351,312,1.4,71.4,237,8.46,774,27.64
UC Santa Barbara (Big West),0,12,76.5,423,1.48,2.8,48.5,597,1422,42,505,75,413,915,35.2,773,29.7,5.5,62.8,13.7,501,35.1,450,150,33.3,365,285,3.1,84.6,245,9.42,670,25.77
Michigan (Big Ten),3,1,76.2,371,1.39,4.3,48.3,572,1451,39.4,400,77.8,353,899,37.5,751,31.3,6.2,65.4,10.8,468,38.7,475,159,33.5,246,266,-0.8,83.3,219,9.12,680,28.33
Syracuse (ACC),2,11,75.8,382,1.37,4.9,44.1,634,1527,41.5,435,78.4,363,896,35.8,946,37.8,-2,70.7,5.1,598,33.9,670,213,31.8,364,279,3.4,64,274,10.96,622,24.88
North Carolina (ACC),0,8,75.7,433,1.05,4.7,44.1,704,1673,42.1,614,66.8,472,1209,43.2,905,32.3,10.9,69.4,6.3,496,31.7,638,220,34.5,389,414,-0.9,64.3,445,15.89,764,27.29
Grand Canyon (WAC),0,15,75.6,371,1.23,3,49.2,492,1307,37.6,423,68.6,392,921,40,696,30.3,9.8,61.1,14.5,470,33.2,548,158,28.8,273,301,-1.2,73.9,248,10.78,673,29.26
Villanova (Big East),2,5,75.5,336,1.69,1.5,45,544,1219,44.6,388,76.5,341,755,34.3,722,32.8,1.5,67.1,8.4,576,35.2,496,175,35.3,278,199,3.6,72.7,211,9.59,544,24.73
Georgia Tech (ACC),0,9,75.5,402,1.45,3.4,47.4,643,1402,45.9,425,72.7,391,770,30.8,860,34.4,-3.6,70,5.5,541,34.9,486,178,36.6,398,278,4.8,68,204,8.16,566,22.64
Texas (Big 12),0,3,75.2,342,0.92,3.9,45.4,624,1511,41.3,513,70.8,515,1005,38.7,890,34.2,4.4,68.8,6.4,632,35.6,505,163,32.3,328,370,-1.6,73.1,286,11,719,27.65
Norfolk St. (MEAC),0,16,75.2,282,0.94,3.3,43.6,523,1296,40.4,521,70.6,453,850,37,831,36.1,0.8,69.2,6,489,36.8,579,183,31.6,359,301,2.5,69.6,241,10.48,609,26.48
Liberty (ASUN),0,13,74.9,446,1.65,2.3,49.1,611,1493,40.9,368,77.7,407,935,33.4,828,29.6,3.8,59.6,15.2,740,39.1,540,168,31.1,328,271,2,82.1,198,7.07,737,26.32
Texas Southern (SWAC),0,16,74.8,298,0.78,4.6,45,581,1460,39.8,551,69.9,431,998,41.6,853,35.5,6,69.7,5.1,398,27.6,562,174,31,354,384,-1.2,66.7,298,12.42,700,29.17
Oklahoma (Big 12),1,8,74.8,336,1.21,3.4,44.2,637,1512,42.1,442,74.4,361,907,36.3,907,36.3,0,69.2,5.5,591,33.8,576,204,35.4,329,277,2.1,60,247,9.88,660,26.4
Southern California (Pac-12),3,6,74.8,396,1.1,5.3,46.7,683,1735,39.4,632,64.7,450,1145,39.5,937,32.3,7.2,65.1,9.7,526,34.8,612,209,34.2,347,361,-0.5,75.9,356,12.28,789,27.21
Oregon (Pac-12),2,7,74.4,349,1.18,3.6,47.2,631,1449,43.5,406,70.4,407,860,33.1,834,32.1,1,67.4,7,575,37.9,569,191,33.6,359,297,2.4,76.9,239,9.19,621,23.88
San Diego St. (Mountain West),0,6,74.1,376,1.23,2.9,45.5,547,1414,38.7,527,72.3,503,970,35.9,861,31.9,4,60.6,13.5,611,37.5,643,210,32.7,409,305,3.9,85.2,264,9.78,706,26.15
Florida (SEC),1,7,74,272,0.81,5.4,46.4,566,1344,42.1,441,75.7,426,809,35.2,785,34.1,1,69.8,4.1,440,35.7,475,145,30.5,335,337,-0.1,60.9,231,10.04,578,25.13
Missouri (SEC),0,9,73.6,330,0.98,3.5,44.9,631,1463,43.1,539,69.8,494,892,35.7,884,35.4,0.3,71.9,1.7,540,32,482,158,32.8,326,336,-0.4,64,248,9.92,644,25.76
UNC Greensboro (SoCon),0,13,73.6,356,1.12,3.9,42.4,664,1605,41.4,451,68.3,524,1142,39.4,1053,36.3,3.1,67.4,6.2,736,30,675,215,31.9,431,319,3.9,72.4,377,13,765,26.38
Utah St. (Mountain West),0,11,73.3,456,1.2,4.9,44.6,614,1578,38.9,508,72.6,423,1142,40.8,853,30.5,10.3,62.2,11,538,33.6,646,214,33.1,388,381,0.2,71.4,353,12.61,789,28.18
Kansas (Big 12),1,3,73.1,383,1.11,4.1,44,664,1635,40.6,511,71.2,427,1064,38,962,34.4,3.6,65.7,7.4,608,34.4,617,201,32.6,390,346,1.6,71.4,319,11.39,745,26.61
Texas Tech (Big 12),1,6,73,353,1.19,4.1,44.3,583,1421,41,608,71.1,469,947,35.1,891,33,2.1,63.4,9.6,485,34.6,549,192,35,433,296,5.1,63,316,11.7,631,23.37
Colorado (Pac-12),1,5,73,397,1.19,2.8,45.4,687,1641,41.9,510,82.2,487,1050,35,924,30.8,4.2,63.3,9.8,611,36.7,571,190,33.3,394,333,2,73.3,296,9.87,754,25.13
UCLA (Pac-12),4,11,72.8,354,1.21,2.7,46.2,640,1459,43.9,484,72.1,415,918,35.3,800,30.8,4.5,68.5,4.3,471,36.7,569,200,35.1,308,292,0.6,65.4,262,10.08,656,25.23
UConn (Big East),0,7,72.5,287,1.11,5.3,43.9,492,1200,41,391,73.1,415,839,38.1,733,33.3,4.8,64.6,7.9,440,33.6,396,125,31.6,288,258,1.4,68.2,291,13.23,548,24.91
Tennessee (SEC),0,5,72.5,391,1.2,4.9,44.3,572,1436,39.8,523,74.6,428,934,35.9,877,33.7,2.2,63.2,9.3,513,33.7,546,174,31.9,409,326,3.2,69.2,282,10.85,652,25.08
Iona (MAAC),0,15,72.2,237,0.89,3.9,44.5,363,910,39.9,343,74.3,370,639,37.6,538,31.6,5.9,65.9,6.3,358,35.5,345,104,30.1,233,267,-2,70.6,191,11.24,448,26.35
Virginia Tech (ACC),0,10,72.1,302,1.24,4,45.1,487,1164,41.8,393,69.7,338,738,35.1,672,32,3.1,65.5,6.6,485,35.7,458,151,33,248,244,0.2,71.4,198,9.43,540,25.71
VCU (Atlantic 10),0,10,71.7,347,0.91,5.4,45.1,590,1457,40.5,497,76.1,485,893,34.3,909,35,-0.6,65.2,6.5,510,32.9,511,156,30.5,436,380,2.2,73.1,245,9.42,648,24.92
Loyola Chicago (MVC),2,8,71.5,442,1.32,2.4,50.5,587,1444,40.7,458,72.3,399,914,32.6,775,27.7,5,55.5,16,546,36.8,485,158,32.6,389,334,2,85.7,204,7.29,710,25.36
Drexel (CAA),0,16,71.5,288,1.18,2.4,47.7,468,1061,44.1,296,77.7,288,645,33.9,556,29.3,4.7,66.8,4.6,371,37.2,365,117,32.1,205,244,-2.1,63.2,168,8.84,477,25.11
Cleveland St. (Horizon),0,15,71.5,363,1.08,2.5,45.2,622,1471,42.3,484,66.9,499,910,35,918,35.3,-0.3,70.6,0.9,520,31.9,624,192,30.8,364,336,1.1,73.1,279,10.73,631,24.27
Georgetown (Big East),0,12,71.4,321,0.84,3.9,42.4,645,1553,41.5,443,75.4,397,1005,40.2,877,35.1,5.1,70.7,0.7,568,36.6,616,201,32.6,286,383,-3.9,52,292,11.68,713,28.52
Purdue (Big Ten),0,4,71.1,386,1.14,3.4,45.1,629,1520,41.4,492,71.1,473,1015,37.6,848,31.4,6.2,66.2,4.9,573,33.5,695,219,31.5,307,339,-1.2,66.7,294,10.89,721,26.7
Oregon St. (Pac-12),3,12,70.7,426,1.3,3.3,43.5,686,1562,43.9,557,75.8,547,978,33.7,969,33.4,0.3,68.3,2.3,575,35.3,589,181,30.7,364,328,1.2,58.6,300,10.34,678,23.38
St. Bonaventure (Atlantic 10),0,9,70.5,296,1.34,3.9,44.9,429,1104,38.9,323,73.4,306,745,37.2,659,33,4.3,60.4,10.2,370,35.4,477,146,30.6,254,221,1.6,80,229,11.45,516,25.8
Rutgers (Big Ten),1,10,70,359,1.22,5.2,45.1,627,1494,42,427,63.2,459,918,35.3,948,36.5,-1.2,68.2,1.7,505,31.1,532,171,32.1,339,294,1.7,57.7,254,9.77,664,25.54
North Texas (CUSA),1,13,69.8,347,1.02,3,47.5,563,1377,40.9,384,73.4,409,865,33.3,800,30.8,2.5,61.2,8.6,524,37.6,474,154,32.5,371,341,1.2,65.4,222,8.54,643,24.73
Wisconsin (Big Ten),1,9,69.6,386,1.49,3.8,42.1,679,1607,42.3,455,76.7,471,973,33.6,1021,35.2,-1.7,64.3,5.3,690,35.9,549,181,33,342,259,2.9,58.6,240,8.28,733,25.28
Morehead St. (OVC),0,14,68.8,382,0.83,5,46.1,704,1743,40.4,575,68.2,432,1125,37.5,928,30.9,6.6,63.4,5.4,562,35.1,723,222,30.7,368,459,-3,76.7,309,10.3,816,27.2
Maryland (Big Ten),1,10,68.8,385,1.19,3.4,45.6,673,1646,40.9,517,70.2,431,965,33.3,970,33.4,-0.2,65,3.8,663,35.3,686,233,34,322,324,-0.1,55.2,188,6.48,777,26.79
Virginia (ACC),0,4,68.6,335,1.48,4.3,48,529,1272,41.6,278,81.7,310,762,31.8,699,29.1,2.6,60.5,8.2,535,38.1,473,161,34,223,226,-0.1,75,157,6.54,605,25.21
Hartford (America East),0,16,65.9,253,0.87,2,43.4,543,1300,41.8,358,71.2,371,764,33.2,799,34.7,-1.5,63.3,2.6,533,32.6,529,152,28.7,312,291,0.9,65.2,188,8.17,576,25.04
Clemson (ACC),0,7,65.3,305,1.04,2.9,42.8,506,1207,41.9,298,76.5,361,751,32.7,746,32.4,0.2,62,3.3,555,34.6,488,165,33.8,323,292,1.3,69.6,198,8.61,553,24.04
Gonzaga (WCC),2,1,87.8,528,1.55,5.9,52.7,707,1864,37.9,540,73,447,1202,41.4,944,32.6,8.9,65.3,22.5,642,37.9,631,194,30.7,364,341,0.8,89.7,272,9.38,930,32.07
South Dakota St. (Summit League),0,13,86.7,516,1.38,2.5,52.5,930,2123,43.8,681,75.9,525,1209,35.6,1071,31.5,4.1,73.4,13.3,710,44.9,875,309,35.3,400,375,0.7,88.2,259,7.62,950,27.94
Arizona (Pac-12),2,1,84.6,677,1.51,5.7,49.6,855,2207,38.7,733,73.8,560,1406,41.4,1139,33.5,7.9,67.5,17,746,35.4,762,249,32.7,440,448,-0.2,91.2,389,11.44,1017,29.91
Iowa (Big Ten),0,5,83.8,563,1.75,4.4,46.4,925,2113,43.8,685,74.9,565,1303,37.2,1257,35.9,1.3,71.3,12.5,883,36.8,771,254,32.9,478,321,4.5,74.3,416,11.89,887,25.34
UAB (CUSA),0,12,80.7,445,1.14,4.3,46.8,801,1949,41.1,615,73.8,565,1306,38.4,1148,33.8,4.6,66.3,14.4,714,38,724,232,32,545,391,4.5,79.4,414,12.18,892,26.24
Duke (ACC),4,2,80.2,575,1.65,5.5,48.9,892,2141,41.7,590,72.9,464,1302,38.3,1153,33.9,4.4,67.1,13,755,36.8,722,227,31.4,375,348,0.8,82.4,363,10.68,939,27.62
Alabama (SEC),0,6,80,468,1,4.7,44.1,858,1974,43.5,674,73,595,1279,40,1158,36.2,3.8,76.4,3.6,963,30.8,709,235,33.1,417,466,-1.5,59.4,433,13.53,846,26.44
Purdue (Big Ten),2,3,79.8,565,1.42,3.5,49.3,872,2040,42.7,706,70.3,488,1311,38.6,989,29.1,9.5,68.8,11,760,39.1,837,280,33.5,324,397,-2.1,79.4,381,11.21,930,27.35
Kentucky (SEC),0,2,79.5,532,1.39,4.2,48.4,806,1961,41.1,563,73,470,1328,40.2,999,30.3,10,66,13.5,581,34.9,706,214,30.3,400,382,0.5,78.8,426,12.91,902,27.33
Murray St. (OVC),1,7,79.3,471,1.29,3.1,47.9,734,1791,41,608,69.4,479,1254,39.2,990,30.9,8.2,62.3,17,730,35.3,726,220,30.3,452,365,2.7,93.8,401,12.53,853,26.66
Auburn (SEC),1,2,78.7,467,1.21,7.9,44,726,1887,38.5,643,73.3,593,1277,39.9,1171,36.6,3.3,67,11.7,812,32,685,214,31.2,481,387,2.9,84.4,399,12.47,878,27.44
Kansas (Big 12),6,1,78.6,525,1.24,4.1,48.1,853,2041,41.8,664,72.4,540,1270,37.4,1110,32.6,4.7,68.1,10.4,684,35.5,698,210,30.1,440,425,0.4,82.4,376,11.06,894,26.29
North Carolina (ACC),5,8,77.5,489,1.27,3.8,45.3,889,2050,43.4,597,77.2,474,1312,39.8,1057,32,7.7,71.7,5.8,754,36.2,756,264,34.9,331,385,-1.6,72.7,352,10.67,960,29.09
San Francisco (WCC),0,10,77.1,433,1.02,4.6,45.7,803,1893,42.4,576,69.6,591,1253,38,1081,32.8,5.2,67,10,899,35.4,575,169,29.4,428,425,0.1,72.7,357,10.82,896,27.15
Montana St. (Big Sky),0,14,77,448,1.03,3.7,47.5,805,1911,42.1,734,75.3,617,1204,35.4,1052,30.9,4.5,68.5,8.5,705,36.9,673,216,32.1,438,435,0.1,79.4,295,8.68,909,26.74
Arkansas (SEC),3,4,76.9,465,1.12,4.2,44,783,1907,41.1,758,75.3,556,1259,38.2,1139,34.5,3.6,68.5,8.4,685,30.7,747,245,32.8,494,417,2.3,75.8,371,11.24,888,26.91
Baylor (Big 12),1,1,76.5,507,1.27,3.4,46.4,755,1778,42.5,556,69.8,507,1188,37.1,1025,32,5.1,63.6,12.9,735,34.6,638,191,29.9,504,400,3.2,81.2,408,12.75,780,24.38
Longwood (Big South),0,14,76.4,462,1.18,2.4,45.2,755,1763,42.8,656,72.6,495,1200,37.5,971,30.3,7.2,65,11.3,691,37.9,765,238,31.1,458,391,2.1,81.2,396,12.38,804,25.12
UCLA (Pac-12),2,4,76.4,447,1.53,3.3,45,741,1780,41.6,592,73.6,520,1186,37.1,1059,33.1,4,64.8,11.6,626,35.1,673,217,32.2,433,293,4.4,78.1,371,11.59,815,25.47
Colgate (Patriot),0,14,76.1,584,1.52,3.7,47.6,857,2015,42.5,525,69.5,494,1230,36.2,1137,33.4,2.7,67.1,8.9,837,40.3,712,238,33.4,375,384,-0.3,67.6,300,8.82,930,27.35
Houston (AAC),3,5,75.8,569,1.48,5.2,46.9,668,1791,37.3,586,66.9,591,1334,39.2,1078,31.7,7.5,58.9,16.9,798,34.1,768,223,29,488,385,3,85.3,454,13.35,880,25.88
Illinois (Big Ten),1,4,75.8,477,1.27,3,45.3,770,1853,41.6,578,70.8,507,1197,38.6,1007,32.5,6.1,67.6,8.1,779,36.7,548,177,32.3,332,377,-1.5,71,359,11.58,838,27.03
Davidson (Atlantic 10),0,10,75.6,484,1.49,2.6,48.1,764,1831,41.7,585,75.7,486,1132,34.3,1024,31,3.3,65.8,9.8,753,38.6,797,268,33.6,369,325,1.3,81.8,244,7.39,888,26.91
Wright St. (Horizon),0,16,75.5,474,1.13,2.9,46.5,908,2018,45,629,76.8,489,1186,34.9,1132,33.3,1.6,71.1,4.4,654,32.9,699,232,33.2,438,418,0.6,61.8,358,10.53,828,24.35
Memphis (AAC),1,9,75.4,498,0.98,5.7,47.1,724,1828,39.6,682,69.2,580,1201,38.7,1011,32.6,6.1,68.4,7,546,35.9,783,251,32.1,462,507,-1.5,67.7,387,12.48,814,26.26
UConn (Big East),0,5,75.2,448,1.18,6.5,43.6,739,1843,40.1,603,75,538,1308,40.9,1059,33.1,7.8,65.2,10,674,35.3,600,207,34.5,393,380,0.4,71.9,447,13.97,861,26.91
Norfolk St. (MEAC),0,16,75.1,379,0.9,3.7,46.6,656,1753,37.4,645,69.8,530,1173,39.1,1009,33.6,5.5,63.7,11.4,607,34.8,789,227,28.8,417,420,-0.1,80,311,10.37,862,28.73
Vermont (America East),0,13,74.9,502,1.57,2.5,49.3,741,1809,41,487,74.7,454,1158,35.1,951,28.8,6.3,60.3,14.6,793,36.4,681,234,34.4,374,320,1.6,84.8,242,7.33,916,27.76
Miami (FL) (ACC),3,10,74.8,463,1.46,2.9,47.8,880,1890,46.6,549,74.3,493,1005,30.5,1139,34.5,-4.1,71,3.8,683,35.3,744,262,35.2,455,317,4.2,69.7,248,7.52,757,22.94
Chattanooga (SoCon),0,13,74.8,443,1.18,2.2,46.9,811,1916,42.3,533,75.2,526,1221,35.9,1050,30.9,5,64.7,10.1,785,34.6,777,233,30,415,374,1.2,79.4,362,10.65,859,25.26
Marquette (Big East),0,9,74.4,496,1.28,5.1,45.3,790,1925,41,494,74.7,541,1076,34.7,1210,39,-4.3,70.9,3.5,769,34.7,684,217,31.7,427,386,1.3,61.3,238,7.68,838,27.03
Jacksonville St. (ASUN),0,15,73.9,449,1.09,2.9,47.2,750,1838,40.8,536,68.1,438,1145,36.9,998,32.2,4.7,66.8,7.1,744,38.8,826,273,33.1,368,411,-1.4,67.7,299,9.65,846,27.29
Loyola Chicago (MVC),0,10,73.8,480,1.24,2.4,48.3,707,1727,40.9,552,71.9,549,1085,33.9,991,31,2.9,61.7,12.1,745,38.3,665,209,31.4,429,388,1.3,78.1,248,7.75,837,26.16
Ohio St. (Big Ten),1,7,73.8,383,1.16,4.8,47.4,734,1752,41.9,549,76,491,1031,34.4,961,32,2.3,68.5,5.3,651,37.3,618,210,34,302,329,-0.9,63.3,265,8.83,766,25.53
Delaware (CAA),0,15,73.8,431,1,3.7,46.9,851,1990,42.8,641,74.3,532,1114,32.8,1141,33.6,-0.8,69.9,3.9,732,35.2,702,245,34.9,432,430,0.1,64.7,293,8.62,821,24.15
Colorado St. (Mountain West),0,6,73.7,426,1.41,3.2,48.5,717,1680,42.7,500,77.4,448,957,31.9,955,31.8,0.1,65.7,8,640,35.8,740,243,32.8,370,302,2.3,83.3,199,6.63,758,25.27
New Mexico St. (WAC),1,12,73.3,447,1,4.2,45.8,732,1874,39.1,629,69.8,508,1228,38.4,1000,31.2,7.1,65,8.3,767,32.7,804,244,30.3,387,448,-1.9,81.2,358,11.19,870,27.19
Tennessee (SEC),1,3,73.2,532,1.3,4.4,43,723,1806,40,587,71.2,560,1226,37.2,1119,33.9,3.2,62.8,10.4,806,35.9,712,222,31.2,523,410,3.4,78.8,393,11.91,833,25.24
LSU (SEC),0,6,73.1,420,0.88,4.4,44,695,1798,38.7,646,73.2,638,1219,36.9,1153,34.9,2,63.5,9.6,678,31.9,826,231,28,595,480,3.5,66.7,399,12.09,820,24.85
Michigan (Big Ten),2,11,73,440,1.23,3.1,46.8,807,1804,44.7,519,74.6,482,1102,35.5,933,30.1,5.5,69.9,3.2,580,34,612,202,33,313,358,-1.5,54.8,310,10,792,25.55
Seton Hall (Big East),0,8,72.9,321,0.86,5.5,42.3,737,1846,39.9,589,75.7,483,1207,38.9,1107,35.7,3.2,66.3,6.6,671,34,635,196,30.9,392,372,0.6,67.7,379,12.23,828,26.71
Villanova (Big East),4,2,72.6,398,1.21,2.3,43.7,748,1832,40.8,566,82.3,503,1154,35,1069,32.4,2.6,63.1,9.5,855,35.9,787,244,31,400,330,2.1,78.8,337,10.21,817,24.76
Southern California (Pac-12),0,7,72.6,468,1.18,4.5,45.4,782,2011,38.9,604,66.6,515,1325,40.2,1119,33.9,6.2,65.9,6.7,624,35.4,695,234,33.7,330,397,-2,78.8,393,11.91,932,28.24
Notre Dame (ACC),1,11,72.5,453,1.37,1.9,46.2,815,1889,43.1,484,75.8,412,1089,34,1065,33.3,0.8,66.8,5.7,771,38,668,213,31.9,317,331,-0.4,68.8,229,7.16,860,26.88
Yale (Ivy League),0,14,72.3,358,0.92,3.2,44.4,739,1748,42.3,566,73.9,522,1082,36.1,1061,35.4,0.7,68.8,3.5,630,33,723,220,30.4,396,388,0.3,63.3,270,9,812,27.07
Michigan St. (Big Ten),1,7,72.1,537,1.21,5.1,45.7,841,2023,41.6,588,74.7,576,1263,37.1,1112,32.7,4.4,68.4,3.6,646,37.8,765,239,31.2,355,445,-2.6,64.7,341,10.03,922,27.12
Providence (Big East),2,4,71.8,396,1.13,3.8,43.7,737,1794,41.1,646,72.6,479,1124,37.5,1034,34.5,3,67,4.8,639,34.3,647,202,31.2,319,351,-1.1,83.3,316,10.53,808,26.93
Richmond (Atlantic 10),1,12,71.7,513,1.5,2.3,44.4,899,2027,44.4,618,72.5,486,1132,32.3,1244,35.5,-3.2,68.3,3.4,842,33.7,724,248,34.3,455,343,3.2,65.7,265,7.57,867,24.77
Texas Tech (Big 12),2,3,71.7,461,0.98,3.5,47,697,1816,38.4,677,69.9,550,1239,36.4,1033,30.4,6.1,60.3,11.4,646,31.4,827,259,31.3,548,471,2.3,73.5,359,10.56,880,25.88
Indiana (Big Ten),0,12,71.5,493,1.25,5,45.9,742,1898,39.1,628,69.9,569,1200,36.4,1109,33.6,2.8,65.9,5.5,596,33.9,763,249,32.6,395,393,0.1,60.6,298,9.03,902,27.33
Akron (MAC),0,13,71.2,393,1.04,3.3,46.2,764,1803,42.4,693,68.7,521,1154,35,1019,30.9,4.1,62.8,8.4,731,35.7,634,217,34.2,392,379,0.4,72.7,326,9.88,828,25.09
Virginia Tech (ACC),0,11,70.7,504,1.33,3.2,47.1,804,1876,42.9,459,74.3,516,1127,32.2,1062,30.3,1.9,62.3,8.5,802,39.3,694,220,31.7,420,378,1.2,65.7,301,8.6,826,23.6
Wisconsin (Big Ten),1,3,70.7,343,1.29,2.8,42.5,771,1755,43.9,589,74.2,526,1083,34.9,1075,34.7,0.3,66.5,4.2,657,31.2,592,191,32.3,351,265,2.8,77.4,288,9.29,795,25.65
Georgia St. (Sun Belt),0,16,70.6,379,1.14,4.5,40.3,635,1538,41.3,508,71.7,441,1043,37.2,1001,35.8,1.5,64.8,5.9,654,32.9,573,212,37,464,332,4.7,64.3,372,13.29,671,23.96
Cal St. Fullerton (Big West),0,15,70.3,350,0.92,2,44.7,750,1714,43.8,617,76.3,496,1040,33.5,987,31.8,1.7,66.2,4.1,518,33,643,241,37.5,431,380,1.6,67.7,300,9.68,740,23.87
Saint Mary's (CA) (WCC),1,5,69.8,430,1.19,2.6,46.3,735,1727,42.6,432,76.2,499,1082,33.8,947,29.6,4.2,60.5,9.2,654,35,497,169,34,410,362,1.5,78.1,275,8.59,807,25.22
Texas Southern (SWAC),0,16,69.2,325,0.73,5,43.7,693,1749,39.6,569,67.1,534,1186,39.5,1030,34.3,5.2,65.5,3.7,547,31.6,626,185,29.6,363,448,-2.8,60,362,12.07,824,27.47
Creighton (Big East),1,9,69,434,0.94,4.4,45,824,2085,39.5,490,72.9,443,1263,38.3,1170,35.5,2.8,65.9,3.1,721,30.7,701,222,31.7,350,464,-3.5,66.7,318,9.64,945,28.64
Boise St. (Mountain West),0,8,68.7,392,0.95,3.5,44.8,769,1804,42.6,649,64.9,512,1189,35,1016,29.9,5.1,60.8,7.9,721,34.8,597,194,32.5,446,413,1,79.4,346,10.18,843,24.79
Texas (Big 12),1,6,68.3,417,1.11,3.4,44.2,668,1618,41.3,569,74.9,557,1074,33.6,1029,32.2,1.4,59.6,8.7,634,32.3,544,173,31.8,481,376,3.3,65.6,335,10.47,739,23.09
TCU (Big 12),1,9,68.1,436,0.94,4.2,44.1,768,1817,42.3,573,66.8,490,1241,38.8,969,30.3,8.5,65,3.1,586,30.4,628,198,31.5,396,465,-2.2,62.5,415,12.97,826,25.81
Saint Peter's (MAAC),3,15,66.9,366,0.88,4.9,43.1,607,1583,38.3,609,68.3,585,1086,36.2,993,33.1,3.1,61.8,5.1,499,35.3,577,169,29.3,419,416,0.1,63.3,330,11,756,25.2
Iowa St. (Big 12),2,11,66.5,471,1.07,3.1,43.9,703,1641,42.8,503,68.4,577,1023,32,1056,33,-1,63,3.5,669,32.1,614,182,29.6,532,442,2.8,62.5,302,9.44,721,22.53
San Diego St. (Mountain West),0,8,65.3,368,0.94,4.7,43.3,629,1646,38.2,531,69.5,539,1089,35.1,1015,32.7,2.4,57.7,7.6,523,35.8,629,191,30.4,443,393,1.6,74.2,304,9.81,785,25.32
Gonzaga (WCC),3,3,87.5,547,1.57,3.3,52.9,877,1975,44.4,685,70.1,554,1204,36.5,1036,31.4,5.1,72.9,14.6,661,38.7,779,270,34.7,459,349,3.3,84.8,336,10.18,868,26.3
Oral Roberts (Summit League),0,12,84.2,504,1.58,5.4,47.9,887,2143,41.4,540,77.6,445,1256,36.9,1241,36.5,0.4,70.1,14.1,995,36.9,852,295,34.6,437,320,3.4,88.2,302,8.88,954,28.06
Arizona (Pac-12),0,2,82.7,652,1.43,3.2,49.6,879,2152,40.8,735,70.9,579,1339,39.4,1125,33.1,6.3,71.5,11.2,765,38.2,833,273,32.8,420,455,-1,82.4,349,10.26,990,29.12
Alabama (SEC),2,1,82.2,517,1.08,5.1,44.6,814,2189,37.2,777,72.6,633,1508,44.4,1259,37,7.3,68.5,13.7,1012,33.8,670,188,28.1,403,479,-2.2,85.3,434,12.76,1074,31.59
Furman (SoCon),1,13,82.1,581,1.53,3.2,48.3,884,1982,44.6,690,74.1,570,1207,35.5,1124,33.1,2.4,71.2,10.9,934,34.7,701,234,33.4,452,379,2.1,79.4,337,9.91,870,25.59
Xavier (Big East),2,3,81.4,655,1.53,3.2,49.4,926,2090,44.3,640,71.4,540,1280,37.6,1084,31.9,5.8,74.1,7.4,650,39.5,714,256,35.9,405,429,-0.7,73.5,359,10.56,921,27.09
Col. of Charleston (CAA),0,12,80.8,469,1.15,3.1,43.8,875,2029,43.1,704,74.1,572,1377,40.5,1149,33.8,6.7,67.4,13.4,1027,33.4,655,201,30.7,468,408,1.8,91.2,464,13.65,913,26.85
A&M-Corpus Christi (Southland),0,16,80.4,518,1.21,1.7,45.7,833,1868,44.6,696,79,629,1217,36.9,1097,33.2,3.6,72.5,7.8,698,36.8,801,265,33.1,509,428,2.5,69.7,393,11.91,824,24.97
Iowa (Big Ten),0,8,80.2,530,1.67,3.4,45.4,910,1919,47.4,654,73.9,470,1163,36.3,1107,34.6,1.8,74.4,5.8,752,34.3,618,226,36.6,417,317,3.1,59.4,384,12,779,24.34
Marquette (Big East),1,2,79.9,598,1.64,3.1,48.7,872,1960,44.5,559,72.1,553,1084,31.9,1210,35.6,-3.7,70.6,9.4,865,34.8,735,259,35.2,547,365,5.4,82.4,303,8.91,781,22.97
Memphis (AAC),0,8,79.8,535,1.17,4.6,48,823,2049,40.2,731,74.7,625,1220,35.9,1195,35.1,0.7,71.9,7.9,587,35.6,879,271,30.8,522,459,1.9,76.5,351,10.32,869,25.56
Missouri (SEC),1,7,79.5,533,1.43,2.7,47.3,836,1877,44.5,583,75.8,598,1001,30.3,1233,37.4,-7,74.6,4.9,857,36.1,827,293,35.4,568,373,5.9,72.7,299,9.06,702,21.27
Miami (FL) (ACC),4,5,79.4,478,1.32,3.3,48.6,861,1915,45,572,77.6,461,1106,34.6,1021,31.9,2.7,72.1,7.3,661,36.8,721,242,33.6,402,363,1.2,78.1,331,10.34,775,24.22
Fla. Atlantic (C-USA),4,9,78.8,497,1.24,2.5,47.2,798,1983,40.2,596,71.6,539,1315,38.7,1113,32.7,5.9,65,13.8,893,37.2,684,218,31.9,436,400,1.1,91.2,358,10.53,957,28.15
Colgate (Patriot),0,15,78.6,631,1.82,2.9,51.4,906,1998,45.3,540,65.7,427,1155,34,1069,31.4,2.5,69,9.6,694,40.8,730,257,35.2,419,346,2.1,76.5,270,7.94,885,26.03
Utah St. (Mountain West),0,10,78.6,573,1.39,3.4,48,843,2002,42.1,670,76.4,578,1210,35.6,1076,31.6,3.9,69.7,8.9,816,39.3,669,231,34.5,378,411,-1,76.5,291,8.56,919,27.03
UConn (Big East),6,4,78.5,570,1.33,4.9,46,736,1795,41,623,75.4,598,1286,39,985,29.8,9.1,65,13.4,832,35.7,544,163,30,438,427,0.3,75.8,442,13.39,844,25.58
NC State (ACC),0,11,78.2,431,1.37,4.6,45.3,833,1875,44.4,536,72,574,1209,36.6,1151,34.9,1.8,70.8,7.4,796,34.9,628,202,32.2,441,314,3.8,69.7,376,11.39,833,25.24
Providence (Big East),0,11,78.1,470,1.25,4.6,45.9,849,1917,44.3,706,74.5,479,1226,38.3,1021,31.9,6.4,71.3,6.8,606,35.1,649,220,33.9,376,377,0,65.6,392,12.25,834,26.06
Louisiana (Sun Belt),0,13,78,477,1.19,3.1,48.4,838,1898,44.2,711,68.4,558,1214,36.8,1002,30.4,6.4,69.8,8.2,617,37.8,576,195,33.9,410,401,0.3,78.8,370,11.21,844,25.58
Texas (Big 12),3,2,77.9,548,1.38,3.7,46.8,799,1901,42,646,75.2,599,1168,34.4,1191,35,-0.7,67.4,10.4,717,33.9,673,220,32.7,551,398,4.5,76.5,332,9.76,836,24.59
FDU (NEC),1,16,77.8,509,1.3,1.9,45.5,898,1875,47.9,575,74.6,647,1162,34.2,1137,33.4,0.7,74.9,2.9,795,34.6,746,272,36.5,530,391,4.1,55.9,398,11.71,764,22.47
Baylor (Big 12),1,3,77.2,464,1.18,2.4,44.7,815,1798,45.3,685,74.9,556,1097,34.3,1029,32.2,2.1,70.2,6.9,834,37.2,680,219,32.2,432,394,1.2,68.8,373,11.66,724,22.62
Creighton (Big East),2,6,76.6,525,1.37,4.2,46.7,875,2074,42.2,546,76.7,434,1227,37.2,1103,33.4,3.8,68.5,8.2,817,36,618,211,34.1,330,384,-1.6,63.6,279,8.45,948,28.73
Kent St. (MAC),0,13,76.6,421,1.08,3.9,45.4,748,1858,40.3,644,72.5,647,1207,35.5,1184,34.8,0.7,65.7,10.9,797,33.6,764,237,31,544,389,4.6,82.4,367,10.79,840,24.71
Iona (MAAC),0,13,76.3,511,1.42,5.6,46.1,794,1943,40.9,603,73.1,555,1216,35.8,1178,34.6,1.1,65,11.3,667,36,671,196,29.2,494,361,3.9,79.4,382,11.24,834,24.53
West Virginia (Big 12),0,9,76.3,435,1.02,3.1,45.3,811,1812,44.8,753,74.1,608,1117,33.8,1033,31.3,2.5,71,5.3,689,34.8,634,216,34.1,483,428,1.7,57.6,367,11.12,750,22.73
Pittsburgh (ACC),1,11,76.1,478,1.3,4.1,45.3,824,1936,42.6,620,76.1,536,1193,36.2,1116,33.8,2.3,70.5,5.6,845,36,768,257,33.5,376,369,0.2,66.7,341,10.33,852,25.82
Princeton (Ivy League),2,15,76,394,1.09,3.3,45.7,729,1731,42.1,546,71.2,471,1140,39.3,951,32.8,6.5,68.6,7.4,717,34.4,571,186,32.6,303,360,-2,72.4,295,10.17,845,29.14
Kansas St. (Big 12),3,3,75.5,536,1.17,2.8,45.3,770,1836,41.9,683,75,566,1140,35.6,1069,33.4,2.2,69,6.5,670,34,675,203,30.1,474,459,0.5,71.9,332,10.38,808,25.25
Howard (MEAC),0,16,75.5,505,0.91,3.2,46.1,864,1954,44.2,669,71.4,600,1217,35.8,1124,33.1,2.7,71.9,3.5,722,37.7,721,244,33.8,528,555,-0.8,64.7,394,11.59,823,24.21
Drake (MVC),0,12,75.3,463,1.3,2.6,47,794,1945,40.8,559,76.9,503,1215,35.7,1105,32.5,3.2,63.9,11.4,727,37.3,742,227,30.6,412,356,1.6,79.4,276,8.12,939,27.62
Grand Canyon (WAC),0,14,75.3,441,1.04,3.3,46.3,833,2056,40.5,715,71.6,632,1292,36.9,1172,33.5,3.4,66.8,8.5,819,38.3,679,213,31.4,375,423,-1.4,68.6,357,10.2,935,26.71
Kennesaw St. (ASUN),0,14,75.3,490,1.16,2.8,46.2,818,1905,42.9,710,66.2,610,1196,35.2,1152,33.9,1.3,68.9,6.4,764,36.8,746,249,33.4,492,423,2,76.5,327,9.62,869,25.56
TCU (Big 12),1,6,75.2,535,1.33,4.7,45.7,816,1919,42.5,678,70.1,534,1180,35.8,1144,34.7,1.1,67.9,7.3,588,30.6,672,204,30.4,515,402,3.4,63.6,378,11.45,802,24.3
Kentucky (SEC),1,6,75.1,490,1.31,3.8,45.9,780,1817,42.9,623,70.3,516,1247,39,966,30.2,8.8,68,7,577,35.4,640,212,33.1,361,373,-0.4,65.6,435,13.59,812,25.38
Indiana (Big Ten),1,4,75,509,1.33,4.9,48.9,796,1945,40.9,577,71.2,572,1180,35.8,1109,33.6,2.2,68.5,6.6,505,37,743,247,33.2,370,383,-0.4,66.7,299,9.06,881,26.7
Houston (AAC),2,1,75,504,1.49,4.8,46.2,638,1751,36.4,577,71.9,563,1319,38.8,1071,31.5,7.3,56.5,18.5,766,34.5,766,213,27.8,485,338,4.3,91.2,435,12.79,884,26
UNC Asheville (Big South),0,15,75,437,0.91,4,47.7,867,2062,42,759,69.4,527,1194,35.1,1156,34,1.1,68.6,6.4,687,39,715,212,29.7,438,480,-1.2,79.4,287,8.44,907,26.68
Kansas (Big 12),1,1,74.9,559,1.33,3.8,46.6,823,1978,41.6,601,71.7,563,1221,35.9,1184,34.8,1.1,67.9,7,689,34.4,695,217,31.2,486,420,1.9,79.4,331,9.74,890,26.18
Illinois (Big Ten),0,9,74.7,399,0.98,5.7,45.1,780,1871,41.7,641,68,540,1214,37.9,1072,33.5,4.4,67,7.7,793,30.9,578,194,33.6,418,409,0.3,62.5,363,11.34,851,26.59
Arkansas (SEC),2,8,74.4,443,1.04,5.2,47.5,772,1840,42,728,69,631,1162,35.2,1083,32.8,2.4,67.4,7,530,31.7,553,169,30.6,473,426,1.4,60.6,331,10.03,831,25.18
Montana St. (Big Sky),0,14,74.2,424,1.06,3,46.9,783,1830,42.8,797,75.9,628,1127,33.1,1045,30.7,2.4,66.6,7.6,621,33.8,639,218,34.1,465,399,1.9,73.5,283,8.32,844,24.82
UCLA (Pac-12),2,2,73.9,483,1.38,3.9,45.8,739,1818,40.6,562,72.2,533,1213,35.7,1089,32,3.6,60.3,13.6,602,34.7,714,222,31.1,540,349,5.6,85.3,394,11.59,819,24.09
Texas A&M (SEC),0,7,73.2,430,1.02,2.4,43.5,756,1868,40.5,860,75.9,622,1252,36.8,1090,32.1,4.8,66.2,7,632,32.8,858,277,32.3,482,420,1.8,73.5,418,12.29,834,24.53
Purdue (Big Ten),0,1,73.1,527,1.42,3.6,45.9,818,1962,41.7,701,74.3,466,1312,38.6,942,27.7,10.9,62.7,10.4,717,32.6,694,218,31.4,339,372,-1,85.3,415,12.21,897,26.38
Vermont (America East),0,15,73,450,1.46,2.9,47.5,806,1810,44.5,531,69.7,490,1035,31.4,1072,32.5,-1.1,66.6,6.4,791,35.9,667,236,35.4,384,308,2.3,69.7,215,6.52,820,24.85
Auburn (SEC),1,9,72.7,454,1.14,5.1,44.1,735,1807,40.7,665,70.2,615,1159,36.2,1122,35.1,1.2,67.1,5.7,663,31.4,618,178,28.8,427,399,0.9,62.5,375,11.72,784,24.5
Southern California (Pac-12),0,10,72.7,430,1.08,5.2,45.7,750,1923,39,616,74.4,550,1128,35.2,1147,35.8,-0.6,67.2,5.5,600,34.5,719,240,33.4,399,399,0,68.8,302,9.44,826,25.81
Duke (ACC),1,5,72.5,503,1.23,4.5,45.1,802,1959,40.9,604,77,517,1316,38.7,1041,30.6,8.1,63.9,8.6,693,33.6,688,209,30.4,373,409,-1.1,76.5,413,12.15,903,26.56
Penn St. (Big Ten),1,10,72.3,488,1.55,2.2,46.4,882,2051,43,427,73.8,549,1140,32.6,1220,34.9,-2.3,68.4,3.9,945,38.5,769,256,33.3,302,315,-0.4,62.9,210,6,930,26.57
Boise St. (Mountain West),0,10,72.2,370,1,2.9,45.5,776,1880,41.3,573,73.5,538,1174,35.6,1063,32.2,3.4,64.3,7.9,710,36.5,696,215,30.9,394,370,0.7,72.7,287,8.7,887,26.88
UC Santa Barbara (Big West),0,14,72.2,483,1.26,2.5,49.3,817,1851,44.1,635,72.8,547,1090,32.1,1028,30.2,1.8,65.6,6.6,539,35.3,577,198,34.3,421,383,1.1,79.4,275,8.09,815,23.97
San Diego St. (Mountain West),5,5,72.1,443,1.14,3.7,44.4,753,1809,41.6,635,73.2,532,1181,35.8,1034,31.3,4.5,63.6,8.5,671,35.3,724,212,29.3,437,389,1.5,81.8,354,10.73,827,25.06
Tennessee (SEC),2,4,71.8,558,1.4,3.6,43.7,643,1741,36.9,597,71.4,553,1278,38.7,1050,31.8,6.9,58,13.8,780,32.9,725,190,26.2,487,398,2.7,69.7,429,13,849,25.73
VCU (Atlantic 10),0,12,71.4,449,0.99,4.6,46.5,769,1854,41.5,760,69.7,555,1132,33.3,1120,32.9,0.4,62.9,8.5,596,34.7,632,204,32.3,560,454,3.1,79.4,315,9.26,817,24.03
Saint Mary's (CA) (WCC),1,5,71.4,417,1.18,3.5,45.8,708,1707,41.5,579,69.3,547,1177,35.7,940,28.5,7.2,60.1,11.2,689,37.2,541,176,32.5,408,352,1.7,78.8,357,10.82,820,24.85
Maryland (Big Ten),1,8,70.4,380,1.1,3.7,44.9,769,1798,42.8,617,73.9,523,1114,33.8,1045,31.7,2.1,63.2,7.2,684,33,570,183,32.1,394,347,1.4,63.6,324,9.82,790,23.94
Arizona St. (Pac-12),0,11,70.3,484,1.2,4.7,41.3,789,1982,39.8,633,68.9,630,1253,36.9,1319,38.8,-1.9,67.7,2.6,813,31.4,774,260,33.6,489,402,2.6,64.7,385,11.32,868,25.53
Michigan St. (Big Ten),2,7,70.2,460,1.36,2.9,45,752,1790,42,458,76.2,512,1106,35.7,1012,32.6,3,67.4,2.8,587,39.5,686,216,31.5,301,337,-1.2,61.3,276,8.9,830,26.77
Iowa St. (Big 12),0,6,68.4,450,1.07,2.9,45,657,1557,42.2,506,67.4,611,1074,33.6,966,30.2,3.4,62.8,5.7,616,33.9,728,246,33.8,531,419,3.5,59.4,364,11.38,710,22.19
Northern Ky. (Horizon),0,16,68.2,461,1.19,2.6,43.2,768,1757,43.7,546,69.2,523,1103,32.4,1138,33.5,-1,63.6,4.7,794,35,688,251,36.5,532,388,4.2,64.7,376,11.06,727,21.38
Virginia (ACC),0,4,67.8,506,1.85,4.2,44.9,690,1661,41.5,591,70.1,458,1025,32,1024,32,0,60.2,7.6,617,35.3,659,224,34,394,274,3.8,78.1,264,8.25,761,23.78
Northwestern (Big Ten),1,7,67.7,414,1.33,4.2,40.6,697,1692,41.2,551,75.1,517,1107,34.6,1124,35.1,-0.5,62.5,5.2,764,32.1,717,243,33.9,456,312,4.5,65.6,327,10.22,780,24.38
BYU (WCC),0,10,84.2,530,1.37,3,46.7,908,2121,42.8,1025,69,665,1400,41.2,1216,35.8,5.4,77,7.2,479,35.9,751,257,34.2,433,386,1.4,67.6,451,13.26,949,27.91
Iowa St. (Big 12),2,3,82.9,612,1.76,2.9,47.1,865,2087,41.4,762,69.4,575,1280,38.8,1236,37.5,1.3,73.9,9,781,35.1,705,237,33.6,391,348,1.3,78.8,337,10.21,943,28.58
Oklahoma (Big 12),0,5,82.2,469,1.28,3.3,45.1,837,1925,43.5,784,75,609,1205,37.7,1160,36.3,1.4,75.9,6.3,722,37.8,676,230,34,411,366,1.4,71.9,380,11.88,825,25.78
Louisville (),2,4,82.1,533,1.52,4.6,47.4,718,1824,39.4,838,65.9,663,1288,37.9,1187,34.9,3,60.9,21.2,738,37.1,560,163,29.1,593,350,7.1,85.3,466,13.71,822,24.18
Oregon (Pac-12),1,7,81.8,462,1.24,3.4,46.8,789,1786,44.2,804,76.6,680,1097,34.3,1057,33,1.3,74,7.8,635,39.2,564,182,32.3,441,373,2.1,71.9,345,10.78,752,23.5
UCLA (Pac-12),2,4,81.8,585,1.63,2.9,49,828,1931,42.9,786,74.9,603,1212,35.6,1136,33.4,2.2,70.8,11.1,555,39.1,807,279,34.6,493,358,4,76.5,343,10.09,869,25.56
Louisiana (Sun Belt),0,14,81.4,464,1,4.1,46.7,878,1977,44.4,896,67.1,717,1299,38.2,1179,34.7,3.5,75.1,6.3,654,37,591,196,33.2,477,463,0.4,67.6,470,13.82,829,24.38
Oklahoma St. (Big 12),0,9,80.3,450,1.31,4.8,46.5,776,1907,40.7,927,72.4,647,1163,35.2,1225,37.1,-1.9,69.1,11.2,641,36.8,627,202,32.2,469,344,3.8,63.6,315,9.55,848,25.7
Kansas (Big 12),1,2,79.6,499,1.15,5.7,49.5,772,1857,41.6,893,71.1,696,1258,38.1,1017,30.8,7.3,70.5,9.2,533,34.5,577,207,35.9,373,435,-1.9,72.7,389,11.79,869,26.33
Creighton (Big East),1,3,79.5,585,1.78,1.4,49.9,789,1870,42.2,624,75.2,582,1134,34.4,1044,31.6,2.7,67.4,12.1,812,42.1,651,219,33.6,326,328,-0.1,78.8,279,8.45,855,25.91
Delaware (CAA),0,13,79.5,370,1.13,3.6,44.6,906,2059,44,886,70.9,641,1240,36.5,1323,38.9,-2.4,75.1,4.4,707,34.5,651,209,32.1,404,326,2.3,73.5,378,11.12,862,25.35
Mercer (ASUN),1,14,79.3,559,1.38,4.2,47.5,763,1906,40,754,73.2,629,1292,38,1114,32.8,5.2,66.4,12.9,721,38.4,720,215,29.9,433,406,0.8,76.5,397,11.68,895,26.32
Duke (ACC),0,3,79.1,481,1.52,3.1,46.6,802,1768,45.4,759,72.7,630,1138,34.5,1071,32.5,2,66.9,12.2,750,39.1,424,128,30.2,409,316,2.8,76.5,394,11.94,744,22.55
Eastern Ky. (OVC),0,15,79,484,1.38,2,49,761,1578,48.2,782,75.1,686,865,26.2,1067,32.3,-6.1,70.6,8.4,776,39,570,204,35.8,560,352,6.3,72.7,235,7.12,630,19.09
Villanova (Big East),1,2,78.5,500,1.32,4,45.9,722,1771,40.8,808,71.3,631,1187,37.1,1064,33.3,3.8,66.6,11.9,801,36.1,579,205,35.4,445,379,2.1,87.5,361,11.28,826,25.81
Memphis (AAC),1,8,77.6,556,1.29,4.8,47.9,833,1919,43.4,764,64.9,578,1204,37.6,1119,35,2.7,70.4,7.2,517,33.5,562,173,30.8,470,431,1.2,71.9,404,12.63,800,25
Manhattan (MAAC),0,13,77.4,422,0.93,6.1,45.1,719,1754,41,998,66.2,772,1203,37.6,1157,36.2,1.4,70,7.4,559,36.7,489,160,32.7,503,453,1.6,78.1,408,12.75,795,24.84
New Mexico St. (WAC),0,13,77.2,461,1.04,6.3,49.1,840,2094,40.1,1007,68.8,592,1305,37.3,1130,32.3,5,66.9,10.3,507,37.3,475,156,32.8,386,444,-1.7,74.3,414,11.83,891,25.46
Gonzaga (WCC),1,8,76.9,499,1.3,4,49.8,748,1897,39.4,739,71,617,1215,35.7,1110,32.6,3.1,65,11.9,609,39.4,606,193,31.8,404,383,0.6,82.4,325,9.56,890,26.18
SFA (Southland),1,12,76.5,547,1.49,3.1,46.4,687,1525,45,761,70.8,691,1115,33.8,959,29.1,4.7,62.6,13.8,675,34.8,396,136,34.3,541,368,5.2,93.9,429,13,686,20.79
North Dakota St. (Summit League),1,12,76.4,365,1.2,4.4,50.9,678,1594,42.5,680,74.7,551,1016,32.8,872,28.1,4.6,65.4,11,458,36.7,554,203,36.6,364,304,1.9,80.6,294,9.48,722,23.29
Michigan St. (Big Ten),3,4,75.9,578,1.49,4.8,47.5,738,1844,40,655,69.3,642,1260,37.1,1087,32,5.1,65.3,10.6,700,39.1,683,227,33.2,416,389,0.8,76.5,376,11.06,884,26
Kentucky (SEC),5,8,75.9,391,0.94,6.2,45.1,789,1956,40.3,1020,68.2,646,1399,41.1,1066,31.4,9.8,66.6,9.3,532,32.5,575,182,31.7,374,415,-1.2,70.6,498,14.65,901,26.5
Wichita St. (MVC),1,1,75.5,460,1.3,5.1,45.9,707,1803,39.2,877,73,573,1313,38.6,1048,30.8,7.8,59.6,15.9,672,34.8,638,198,31,419,353,1.9,100,404,11.88,909,26.74
Baylor (Big 12),2,6,75.2,525,1.27,5.6,45.5,856,2019,42.4,860,67.3,605,1354,38.7,1114,31.8,6.9,68.4,6.8,679,39,670,243,36.3,365,414,-1.4,68.6,500,14.29,854,24.4
Arizona St. (Pac-12),0,10,75,454,1.24,5.7,45,790,1903,41.5,754,69.4,617,1140,35.6,1221,38.2,-2.5,68.9,6.2,673,38.6,524,170,32.4,385,367,0.6,65.6,270,8.44,870,27.19
VCU (Atlantic 10),0,5,75,446,1.07,4.3,41.9,781,1818,43,761,67.4,665,1288,37.9,1249,36.7,1.1,64.9,10.1,723,34.9,545,164,30.1,621,417,6,76.5,481,14.15,807,23.74
New Mexico (Mountain West),0,7,74.6,510,1.46,5.2,46,757,1946,38.9,845,72.7,559,1259,38.2,1081,32.8,5.4,66.4,8.3,572,33.7,684,235,34.4,328,350,-0.7,81.8,351,10.64,908,27.52
Michigan (Big Ten),3,2,74.4,469,1.51,2.5,47.6,803,1805,44.5,637,76.1,480,1049,31.8,1024,31,0.8,65.4,9,711,39.4,580,186,32.1,362,310,1.6,75.8,292,8.85,757,22.94
Texas (Big 12),1,7,74.1,421,1.03,6,43.1,768,1929,39.8,866,66.4,629,1378,41.8,1141,34.6,7.2,70,4.1,521,32.4,692,237,34.2,381,408,-0.8,69.7,497,15.06,881,26.7
N.C. Central (MEAC),0,14,73.9,486,1.27,4,46.2,623,1671,37.3,860,72.7,647,1173,35.5,1046,31.7,3.8,58.5,15.4,529,33.8,601,177,29.5,525,383,4.3,84.8,390,11.82,783,23.73
Harvard (Ivy League),1,12,73.6,434,1.27,5,46.7,631,1551,40.7,751,72.6,534,1027,34.2,936,31.2,3,60.5,13.1,445,38.7,478,153,32,437,342,3.2,86.7,318,10.6,709,23.63
Wisconsin (Big Ten),4,2,73.5,400,1.5,3.5,45.8,810,1875,43.2,770,74.4,493,1095,33.2,1058,32.1,1.1,64.6,9,686,37.3,475,163,34.3,328,266,1.9,78.8,290,8.79,805,24.39
Stanford (Pac-12),2,10,73.5,389,1.05,4.2,46.4,778,1838,42.3,801,70.3,596,1150,34.8,1086,32.9,1.9,68.6,4.9,526,37.1,620,220,35.5,379,371,0.2,63.6,319,9.67,831,25.18
George Washington (Atlantic 10),0,9,73.4,453,1.08,4.2,46.4,761,1840,41.4,820,65.4,579,1196,37.4,1077,33.7,3.7,66.9,6.5,502,36.9,663,208,31.4,430,418,0.4,75,378,11.81,818,25.56
Dayton (Atlantic 10),3,11,73.4,431,1.09,2.6,46.6,758,1726,43.9,750,68.1,662,1165,35.3,1027,31.1,4.2,67.6,5.8,574,37.8,554,190,34.3,417,396,0.6,69.7,384,11.64,781,23.67
Providence (Big East),0,11,73.2,464,1.17,4.9,42.5,860,1946,44.2,810,78.1,589,1252,36.8,1122,33,3.8,69.5,3.7,612,35,559,184,32.9,374,396,-0.6,67.6,423,12.44,829,24.38
Weber St. (Big Sky),0,16,73.2,400,1.08,4,48.1,727,1716,42.4,744,73.7,541,1033,34.4,932,31.1,3.4,66.4,6.7,549,39.2,389,127,32.6,279,372,-3.1,63.3,252,8.4,781,26.03
Tulsa (CUSA),0,13,73.1,413,1.09,3.8,44.2,712,1767,40.3,880,67.5,707,1198,36.3,1178,35.7,0.6,67.4,5.7,584,32.5,604,213,35.3,467,378,2.7,63.6,356,10.79,842,25.52
Arizona (Pac-12),3,1,73.1,513,1.45,4.2,46.8,693,1819,38.1,794,65.5,559,1322,38.9,1035,30.4,8.4,58.1,14.9,505,35.6,477,150,31.4,422,355,2,88.2,428,12.59,894,26.29
Coastal Carolina (Big South),0,16,72.7,349,0.75,2.8,43.8,757,1894,40,744,69.4,649,1308,39.6,1147,34.8,4.9,68.4,4.3,609,33.3,805,256,31.8,433,465,-1,63.6,429,13,879,26.64
Western Mich. (MAC),0,14,72.5,364,0.81,3.4,46.6,745,1826,40.8,836,72.4,586,1118,34.9,1042,32.6,2.4,67.4,5.1,575,33.2,711,218,30.7,405,451,-1.4,71.9,315,9.84,803,25.09
Pittsburgh (ACC),1,9,72.5,531,1.48,3,46.1,731,1772,41.3,843,71.1,595,1227,36.1,1012,29.8,6.3,62.4,10.1,491,35.6,592,196,33.1,417,359,1.7,73.5,413,12.15,814,23.94
UConn (AAC),6,7,71.9,428,1.08,6.2,44.8,746,1926,38.7,714,76.1,621,1203,35.4,1187,34.9,0.5,63.1,8.7,625,38.7,608,200,32.9,439,397,1.2,76.5,343,10.09,860,25.29
Tennessee (SEC),2,11,71.3,417,1.18,4.8,44.7,720,1765,40.8,751,71,563,1281,38.8,1000,30.3,8.5,61.1,10.3,563,33.6,487,166,34.1,361,354,0.2,63.6,452,13.7,829,25.12
Saint Joseph's (Atlantic 10),0,10,71.3,464,1.14,4.6,46.9,795,1900,41.8,753,64.1,522,1185,35.9,1089,33,2.9,66.9,4.3,639,38,652,220,33.7,335,407,-2.2,72.7,317,9.61,868,26.3
Milwaukee (Horizon),0,15,70.9,463,1.01,2.4,43.3,841,1929,43.6,808,73.4,616,1145,33.7,1195,35.1,-1.5,70.5,0.5,730,32.7,634,200,31.5,434,457,-0.7,61.8,330,9.71,815,23.97
Colorado (Pac-12),0,8,70.9,392,0.87,3.4,43.7,826,1926,42.9,885,71.6,564,1276,37.5,1065,31.3,6.2,67.9,2.9,553,32,692,247,35.7,419,449,-0.9,67.6,394,11.59,882,25.94
Florida (SEC),4,1,70.7,454,1.18,2.9,46.2,697,1747,39.9,778,66.1,551,1213,35.7,1049,30.9,4.8,57.9,12.8,633,36.8,550,183,33.3,475,385,2.6,94.1,397,11.68,816,24
San Diego St. (Mountain West),2,4,70.6,335,1.02,5.2,43.7,670,1744,38.4,828,65.3,546,1249,37.8,1083,32.8,5,56.6,14,472,35.8,565,162,28.7,464,328,4.1,87.9,434,13.15,815,24.7
Saint Louis (Atlantic 10),1,5,70,456,1.13,4.2,44.3,705,1766,39.9,713,70.8,552,1160,36.3,1102,34.4,1.8,61.2,8.8,568,31.9,455,129,28.4,454,404,1.6,81.3,327,10.22,833,26.03
Ohio St. (Big Ten),0,6,69.8,409,1.08,4.5,44.9,739,1824,40.5,781,68.9,561,1159,34.1,1149,33.8,0.3,59.8,10,605,32.6,578,170,29.4,489,380,3.2,73.5,343,10.09,816,24
Kansas St. (Big 12),0,9,69.7,495,1.26,3,43.6,704,1724,40.8,729,65.8,694,1152,36,1109,34.7,1.3,65.7,4,577,33.4,538,158,29.4,401,394,0.2,62.5,397,12.41,755,23.59
Cincinnati (AAC),0,5,68.7,420,1.15,5.5,42.7,671,1701,39.4,717,70.9,576,1190,36.1,1045,31.7,4.4,58.3,10.4,573,33.5,551,176,31.9,473,366,3.2,81.8,441,13.36,749,22.7
Syracuse (ACC),1,3,68.2,382,1.34,4.9,43.7,649,1574,41.2,684,70.3,509,1128,35.3,1012,31.6,3.6,59.5,8.7,478,33.5,642,222,34.6,428,285,4.5,84.4,422,13.19,706,22.06
Wofford (SoCon),0,15,67.7,413,1.21,1.7,45.1,705,1596,44.2,588,66.3,564,1064,33.3,1015,31.7,1.5,62.4,5.3,525,37.1,461,146,31.7,413,342,2.2,62.5,344,10.75,720,22.5
Nebraska (Big Ten),0,11,67,297,0.88,3,42.7,679,1616,42,697,71.9,629,1034,33.4,1084,35,-1.6,64.9,2.1,543,33.9,577,184,31.9,385,338,1.5,61.3,273,8.81,761,24.55
Virginia (ACC),2,1,65.9,445,1.28,4,45.2,661,1719,38.5,734,66.3,546,1209,35.6,997,29.3,6.2,55.3,10.6,513,36.5,583,186,31.9,389,347,1.2,82.4,371,10.91,838,24.65
American (Patriot),0,15,63.9,484,1.08,3.4,49.5,645,1569,41.1,520,71,551,962,30.1,931,29.1,1,58.6,5.3,531,38.2,482,151,31.3,388,447,-1.8,62.5,228,7.13,734,22.94
Cal Poly (Big West),0,16,63.2,374,1.3,2.8,41,692,1604,43.1,563,69.3,584,1034,32.3,1077,33.7,-1.3,63.4,-0.2,611,33.9,509,173,34,358,287,2.2,40.6,354,11.06,680,21.25
Eastern Wash. (Big Sky),0,13,80.8,448,1.22,4.9,48,876,1953,44.9,704,72.3,603,1155,34,1149,33.8,0.2,73.6,7.1,832,40.3,697,268,38.5,417,367,1.5,76.5,341,10.03,814,23.94
Duke (ACC),6,1,80.6,512,1.38,3.8,50.2,829,1931,42.9,755,69.1,528,1232,37.3,1027,31.1,6.2,65.6,15,648,38.6,534,171,32,415,371,1.3,87.9,401,12.15,831,25.18
Davidson (Atlantic 10),0,10,79.9,534,1.8,2.9,47.1,779,1769,44,543,71.1,586,1114,35.9,1086,35,0.9,69,10.9,849,39.7,582,175,30.1,365,297,2.2,77.4,325,10.48,789,25.45
SFA (Southland),0,12,79.5,587,1.26,3.6,49.1,712,1627,43.8,786,73.4,716,1147,34.8,968,29.3,5.4,64.5,14.9,666,38.6,451,150,33.3,570,465,3.2,87.9,402,12.18,745,22.58
Gonzaga (WCC),3,2,79.1,561,1.56,3.4,52.4,737,1917,38.4,725,69.2,580,1286,37.8,1041,30.6,7.2,60.9,18.2,593,40.8,589,191,32.4,394,359,1,94.1,345,10.15,941,27.68
Notre Dame (ACC),3,3,78.8,514,1.61,3.6,51,847,1984,42.7,688,74,483,1114,32.8,1109,32.6,0.1,65.6,13.2,716,39.2,647,213,32.9,384,319,1.9,85.3,283,8.32,831,24.44
Iowa St. (Big 12),0,3,78.4,534,1.47,3.8,48,842,2012,41.8,714,69.6,512,1184,35.9,1144,34.7,1.2,69.3,9.1,703,36.6,697,245,35.2,427,364,1.9,75.8,314,9.52,870,26.36
Arkansas (SEC),1,5,78,549,1.38,4.8,44.7,824,1914,43.1,776,72.4,645,1216,35.8,1202,35.4,0.4,70.1,7.9,648,35,600,212,35.3,543,399,4.2,76.5,442,13,774,22.76
North Carolina (ACC),2,4,77.9,621,1.4,4.4,47.5,818,2056,39.8,746,70,675,1436,41,1150,32.9,8.2,68.4,9.5,484,34.5,763,227,29.8,435,444,-0.3,68.6,488,13.94,948,27.09
Indiana (Big Ten),0,10,77.5,463,1.22,3.2,46.6,875,1925,45.5,631,71.5,580,1187,36,1083,32.8,3.2,71.4,6.1,764,40.3,591,194,32.8,357,379,-0.7,60.6,395,11.97,792,24
Arizona (Pac-12),3,2,76.4,483,1.27,3.6,48.9,686,1752,39.2,874,69.9,609,1266,37.2,968,28.5,8.8,58.6,17.8,478,36,551,181,32.8,481,381,2.9,91.2,368,10.82,898,26.41
Villanova (Big East),1,1,76.3,541,1.47,4,47,752,1856,40.5,777,72.7,564,1170,34.4,1093,32.1,2.3,60.9,15.4,787,38.9,603,186,30.8,483,369,3.4,94.1,351,10.32,819,24.09
Ohio St. (Big Ten),1,10,75.8,509,1.36,5.1,48.6,743,1833,40.5,656,67.8,529,1183,35.8,1088,33,2.9,62.3,13.5,605,37.2,694,221,31.8,484,373,3.4,69.7,372,11.27,811,24.58
Oregon (Pac-12),1,8,75.6,484,1.21,4.3,46.1,853,2025,42.1,587,76.1,623,1236,36.4,1189,35,1.4,70.7,4.8,688,36,652,215,33,395,401,-0.2,73.5,359,10.56,877,25.79
Buffalo (MAC),0,12,75,421,1.17,4,43.5,773,1831,42.2,794,72.2,589,1230,38.4,1132,35.4,3.1,68.3,6.7,567,34,697,230,33,436,361,2.3,71.9,412,12.88,818,25.56
Kentucky (SEC),4,1,74.9,500,1.39,6.9,46.9,651,1836,35.5,825,72.2,579,1298,38.2,1045,30.7,7.4,54,20.9,529,35,570,156,27.4,478,361,3.4,100,439,12.91,859,25.26
Belmont (OVC),0,15,74.5,492,1.12,2,47.6,828,1832,45.2,579,69.1,527,1064,33.3,1045,32.7,0.6,70.3,4.1,841,38.2,675,232,34.4,411,439,-0.9,68.8,301,9.41,763,23.84
Lafayette (Patriot),0,16,74.2,499,1.42,2.6,48.8,850,1864,45.6,542,76.6,504,992,31,1057,33,-2,72.4,1.8,622,41.3,698,263,37.7,354,351,0.1,62.5,272,8.5,720,22.5
West Virginia (Big 12),2,5,73.9,465,1.11,2.8,41.2,697,1488,46.8,798,66,747,1177,36.8,1063,33.2,3.6,66.8,7.1,669,31.8,473,173,36.6,628,418,6.6,71.9,539,16.84,638,19.94
LSU (SEC),0,9,73.7,502,1.07,6.2,45.6,796,1986,40.1,636,68.9,506,1253,39.2,1180,36.9,2.3,67.7,6,543,33.9,575,180,31.3,439,468,-0.9,68.8,388,12.13,865,27.03
Xavier (Big East),2,6,73.6,557,1.36,2.9,47.3,814,1862,43.7,713,72.5,614,1184,34.8,1060,31.2,3.6,67.6,5.9,613,34.9,693,242,34.9,440,411,0.9,61.8,340,10,844,24.82
Ole Miss (SEC),0,11,72.6,410,1.13,3.7,42.6,708,1771,40,695,77.8,626,1202,37.6,1114,34.8,2.8,67.5,5.1,612,33.8,703,245,34.9,405,363,1.3,62.5,397,12.41,805,25.16
VCU (Atlantic 10),0,7,72.5,442,1.18,4.3,42,794,1835,43.3,778,65.6,673,1240,35.4,1287,36.8,-1.3,65.5,7,828,34.2,649,223,34.4,566,373,5.5,74.3,431,12.31,809,23.11
Utah (Pac-12),2,5,72.1,458,1.25,5,48.5,643,1681,38.3,692,69.9,534,1117,34.9,953,29.8,5.1,56.9,15.2,611,40.4,477,152,31.9,373,366,0.2,75,296,9.25,821,25.66
UCLA (Pac-12),2,11,72,459,1.17,3.7,44.1,779,1866,41.7,700,67.6,590,1253,38,1124,34.1,3.9,68,4,564,36.3,729,259,35.5,416,392,0.7,60.6,406,12.3,847,25.67
Georgia St. (Sun Belt),1,14,72,450,1.28,4.2,48,667,1749,38.1,693,72.7,607,1082,32.8,1102,33.4,-0.6,62.2,9.8,492,33.1,735,237,32.2,500,352,4.5,72.7,309,9.36,773,23.42
Oklahoma (Big 12),2,3,71.9,400,1.03,5,43.6,727,1888,38.5,612,73.5,525,1219,38.1,1184,37,1.1,62.8,9.2,629,34.3,637,197,30.9,443,388,1.7,68.8,351,10.97,868,27.13
Wisconsin (Big Ten),5,1,71.9,432,1.71,3.5,48,742,1771,41.9,638,76.3,409,1145,33.7,942,27.7,6,56.1,15.8,663,35.7,472,170,36,339,252,2.6,91.2,322,9.47,823,24.21
Michigan St. (Big Ten),4,7,71.9,582,1.47,4.6,47.1,728,1821,40,610,63.3,631,1281,37.7,1050,30.9,6.8,63.4,8.5,663,38.6,643,208,32.3,376,395,-0.6,67.6,390,11.47,891,26.21
Coastal Carolina (Big South),0,16,71.7,376,0.96,3.3,43.9,691,1766,39.1,769,68.8,545,1311,39.7,1027,31.1,8.6,61.7,10,621,35.6,718,231,32.2,394,393,0,72.7,440,13.33,871,26.39
St. John's (NY) (Big East),0,9,71.2,402,1.18,6.5,44.1,768,1895,40.5,676,69.2,566,1133,35.4,1252,39.1,-3.7,67.6,3.6,552,35.3,675,221,32.7,423,342,2.5,65.6,330,10.31,803,25.09
Kansas (Big 12),1,2,71.2,451,1.04,5,44,780,1977,39.5,804,72,599,1290,37.9,1166,34.3,3.6,64.7,6.5,528,37.5,631,195,30.9,398,435,-1.1,76.5,402,11.82,888,26.12
Georgetown (Big East),1,4,70.7,408,1.04,4.9,45.5,650,1614,40.3,728,70.2,626,1089,35.1,1003,32.4,2.8,64.6,6.1,521,34.7,566,203,35.9,420,392,0.9,67.7,347,11.19,742,23.94
NC State (ACC),2,8,70.4,383,1.1,5.3,43.7,757,1877,40.3,679,68.3,582,1249,37.8,1140,34.5,3.3,65.4,5,607,36.1,588,195,33.2,331,347,-0.5,60.6,400,12.12,849,25.73
Providence (Big East),0,6,70.2,465,1.19,4.7,44.2,742,1762,42.1,761,71,607,1189,36,1061,32.2,3.9,65.5,4.7,520,31,631,210,33.3,430,391,1.2,66.7,398,12.06,791,23.97
Purdue (Big Ten),0,9,69.9,492,1.14,5.3,45.3,724,1807,40.1,752,68.5,624,1198,36.3,1049,31.8,4.5,64.5,5.4,571,33.5,560,196,35,385,432,-1.4,63.6,388,11.76,810,24.55
Valparaiso (Horizon),0,13,69.8,431,1.04,4.8,45.9,670,1762,38,658,67.8,544,1245,37.7,1006,30.5,7.2,59.3,10.5,593,37.8,667,219,32.8,404,413,-0.3,84.8,386,11.7,859,26.03
Wichita St. (MVC),2,7,69.7,445,1.48,3.8,44.6,617,1551,39.8,638,68.8,534,1138,35.6,970,30.3,5.3,55.8,13.9,619,36.2,469,161,34.3,426,301,3.9,87.5,380,11.88,758,23.69
Butler (Big East),1,6,69.6,368,1.01,2.9,43.9,701,1684,41.6,718,68,564,1175,36.7,968,30.3,6.5,61.2,8.4,514,35.8,571,175,30.6,403,364,1.2,68.8,390,12.19,785,24.53
Maryland (Big Ten),1,4,69.5,360,0.91,4.2,43.8,756,1910,39.6,753,75.7,546,1157,35.1,1107,33.5,1.5,63.2,6.2,647,37.2,713,223,31.3,372,397,-0.8,81.8,302,9.15,855,25.91
Baylor (Big 12),0,3,69.5,483,1.17,4,43.4,716,1782,40.2,710,67,552,1293,39.2,1030,31.2,8,60.3,9.2,607,37.7,637,191,30,404,413,-0.3,72.7,485,14.7,808,24.48
SMU (AAC),0,6,69.4,512,1.23,4.3,47.9,671,1768,38,750,70.5,537,1211,36.7,982,29.8,6.9,59.8,9.7,384,35.9,803,258,32.1,423,417,0.2,81.8,378,11.45,833,25.24
Iowa (Big Ten),1,7,69.4,460,1.27,4.7,42.7,701,1788,39.2,703,74.5,508,1206,37.7,1072,33.5,4.2,61.9,7.5,545,33.2,652,211,32.4,400,361,1.2,65.6,401,12.53,805,25.16
Louisville (ACC),3,4,69.2,374,0.99,5.5,42.9,676,1740,38.9,709,66,567,1221,38.2,1125,35.2,3,59.5,9.7,595,30.4,547,160,29.3,463,378,2.7,75,413,12.91,808,25.25
Robert Morris (NEC),0,16,69,404,0.89,2.9,44.6,778,1835,42.4,647,71.4,612,1103,33.4,1180,35.8,-2.3,67.7,1.3,555,38,664,222,33.4,482,454,0.8,57.6,344,10.42,759,23
UAB (CUSA),1,14,68.9,490,1.06,5.2,43,824,1960,42,694,74.1,599,1244,36.6,1191,35,1.6,67.7,1.2,563,33.2,635,206,32.4,452,461,-0.3,55.9,403,11.85,841,24.74
Northeastern (CAA),0,14,68.6,485,1.04,3.8,48.6,848,1905,44.5,703,72.5,484,1127,33.1,963,28.3,4.8,65,3.6,515,38.8,555,191,34.4,342,467,-3.7,67.6,284,8.35,843,24.79
New Mexico St. (WAC),0,15,68.5,398,0.87,3.7,46.6,727,1725,42.1,755,69.4,526,1170,35.5,947,28.7,6.8,59.3,9.2,435,36.8,409,120,29.3,434,459,-0.8,69.7,414,12.55,756,22.91
Georgia (SEC),0,10,68.3,403,0.99,4.7,43.5,707,1826,38.7,800,68.9,589,1217,38,1082,33.8,4.2,64.2,4.2,524,34.4,647,200,30.9,355,408,-1.7,65.6,348,10.88,869,27.16
Dayton (Atlantic 10),1,11,68.2,456,1.2,2.5,46.3,731,1738,42.1,789,68.2,525,1041,31.5,1077,32.6,-1.1,60.9,7.3,605,35.2,571,181,31.7,449,379,2.1,75.8,245,7.42,796,24.12
Texas Southern (SWAC),0,15,68.2,370,0.83,3.1,44.4,850,1930,44,831,66.2,590,1174,34.5,1159,34.1,0.4,67.4,0.7,562,32,550,188,34.2,419,445,-0.8,64.7,386,11.35,788,23.18
Texas (Big 12),0,11,67.9,435,1.04,7.9,43.6,686,1862,36.8,659,72.5,533,1310,39.7,1035,31.4,8.3,60.4,7.5,607,33.9,575,200,34.8,298,420,-3.7,60.6,410,12.42,900,27.27
UC Irvine (Big West),0,13,67.9,470,1.23,5,46.1,716,1823,39.3,539,68.3,568,1169,35.4,1119,33.9,1.5,62.3,5.6,544,39,527,179,34,375,382,-0.2,63.6,320,9.7,849,25.73
Oklahoma St. (Big 12),0,9,67.3,355,0.93,5,43.9,646,1620,39.9,632,72.6,597,1008,32.5,1071,34.5,-2,62.3,5,618,35,519,176,33.9,426,380,1.5,58.1,278,8.97,730,23.55
Hampton (MEAC),0,16,67.2,350,0.75,4.1,40.8,744,1801,41.3,802,65.2,711,1224,37.1,1193,36.2,0.9,68,-0.8,615,30.4,546,188,34.4,461,469,-0.2,48.5,404,12.24,820,24.85
Wofford (SoCon),0,12,67,454,1.22,2.5,45.8,715,1715,41.7,672,68.9,574,1102,32.4,1054,31,1.4,59.8,7.2,572,37.6,551,170,30.9,435,371,1.9,82.4,310,9.12,792,23.29
NIU (MAC),1,5,65.7,294,0.69,2.4,42.8,672,1524,44.1,735,68,573,1039,34.6,931,31,3.6,66.3,-0.6,470,31.7,659,221,33.5,417,426,-0.3,46.7,373,12.43,666,22.2
UAlbany (America East),0,14,65.5,334,0.89,1.6,44,672,1600,42,640,76.1,528,1076,33.6,924,28.9,4.8,60.2,5.3,547,36,666,243,36.5,399,374,0.8,75,320,10,756,23.63
Virginia (ACC),1,2,65.3,413,1.36,4.3,46.3,578,1600,36.1,563,72.3,456,1158,36.2,908,28.4,7.8,50.7,14.7,449,36.1,584,177,30.3,341,304,1.2,90.6,329,10.28,829,25.91
North Dakota St. (Summit League),0,15,64.5,310,0.99,3.8,43,697,1668,41.8,602,69.3,482,1074,33.6,1008,31.5,2.1,61.5,3,579,38,556,206,37.1,338,312,0.8,71.9,271,8.47,803,25.09
Harvard (Ivy League),0,13,64.2,375,1.1,4.6,43.5,587,1471,39.9,589,71.3,456,999,34.4,891,30.7,3.7,57.2,6.9,399,35.3,486,159,32.7,368,342,0.9,75.9,304,10.48,695,23.97
Cincinnati (AAC),1,8,62.4,380,0.93,5.4,45.3,654,1678,39,598,67.4,469,1095,34.2,936,29.3,5,55.3,7.1,483,33.3,560,184,32.9,390,409,-0.6,68.8,351,10.97,744,23.25
San Diego St. (Mountain West),1,8,61.8,360,0.93,5,41.9,659,1750,37.7,653,62.9,486,1197,35.2,1087,32,3.2,53.1,8.6,556,32,567,172,30.3,451,386,1.9,76.5,413,12.15,784,23.06
Wyoming (Mountain West),0,12,61.7,487,1.28,2.9,46.2,692,1725,40.1,629,70.7,464,1025,30.1,1023,30.1,0.1,56,5.7,620,32.3,612,210,34.3,370,380,-0.3,73.5,212,6.24,813,23.91
Green Bay (Horizon),0,14,84.2,486,1.15,4.6,44.8,981,2198,44.6,984,65.9,701,1360,38.9,1412,40.3,-1.5,79.7,4.6,703,35,746,271,36.3,590,423,4.8,65.7,451,12.89,909,25.97
Indiana (Big Ten),2,5,82.3,511,1.17,4,50.1,821,1859,44.2,621,72.3,582,1196,37.4,964,30.1,7.3,68.9,13.4,762,41.5,583,200,34.3,418,437,-0.6,78.1,385,12.03,811,25.34
North Carolina (ACC),5,1,82.3,616,1.66,4.4,47.9,838,2046,41,705,73.8,609,1393,41,1112,32.7,8.3,69.5,12.8,583,31.4,728,262,36,447,371,2.2,82.4,477,14.03,916,26.94
Iowa St. (Big 12),2,4,81.8,529,1.43,4.2,50.2,903,2075,43.5,507,70.6,497,1154,36.1,1158,36.2,-0.1,75,6.9,697,38,740,249,33.6,397,370,0.8,65.6,291,9.09,863,26.97
Kansas (Big 12),3,1,81.6,542,1.27,4.1,49.4,784,1970,39.8,762,70.6,641,1283,37.7,1117,32.9,4.9,67.7,13.8,664,42.6,646,210,32.5,458,428,0.9,88.2,361,10.62,922,27.12
Duke (ACC),2,4,81.5,445,1.37,4.2,45.9,911,2046,44.5,792,72.2,549,1199,36.3,1204,36.5,-0.2,72.1,9.4,791,38.7,593,201,33.9,402,326,2.3,69.7,404,12.24,795,24.09
Xavier (Big East),1,2,81.3,524,1.28,3.1,45.2,787,1894,41.6,832,73.1,646,1312,41,1072,33.5,7.5,71,10.3,672,36.2,766,241,31.5,452,408,1.4,84.4,418,13.06,894,27.94
Arizona (Pac-12),0,6,81.2,479,1.13,4.8,48.2,829,2007,41.3,848,72.3,601,1328,40.2,1024,31,9.2,69,12.2,562,38.3,626,201,32.1,383,423,-1.2,75.8,384,11.64,944,28.61
Southern California (Pac-12),0,8,80.8,491,1.22,5.5,45.8,899,2153,41.8,737,67.8,576,1302,39.5,1249,37.8,1.6,74.8,6.1,675,38.5,740,239,32.3,411,403,0.2,63.6,396,12,906,27.45
SFA (Southland),1,14,80.7,605,1.52,3.6,48.4,719,1642,43.8,653,73,660,1130,35.3,1020,31.9,3.4,63.2,17.6,691,36.8,511,165,32.3,596,398,6.2,84.4,380,11.88,750,23.44
Butler (Big East),1,9,80.6,445,1.4,3.4,46.6,764,1773,43.1,741,73.1,617,1129,36.4,1022,33,3.5,71.2,9.4,569,38.7,655,222,33.9,407,317,2.9,67.7,354,11.42,775,25
Oklahoma (Big 12),4,2,80.4,465,1.12,5.3,45.9,819,2024,40.5,647,72.8,538,1242,38.8,1162,36.3,2.5,70.4,10,784,42.6,709,241,34,407,415,-0.3,78.1,343,10.72,899,28.09
Michigan St. (Big Ten),0,2,79.8,699,1.74,5.1,48.4,741,1966,37.7,608,73,649,1424,41.9,1027,30.2,11.7,63.4,16.4,715,43.4,639,193,30.2,325,402,-2.3,85.3,419,12.32,1005,29.56
Gonzaga (WCC),2,11,79.7,458,1.23,3,48.6,795,1992,39.9,676,76,577,1307,39.6,1067,32.3,7.3,66.2,13.5,682,37.8,666,198,29.7,341,372,-0.9,78.8,350,10.61,957,29
Kentucky (SEC),1,4,79.7,490,1.3,5.6,47.9,782,1954,40,777,68.3,696,1318,38.8,1133,33.3,5.4,68.3,11.4,637,37,582,192,33,420,376,1.3,76.5,442,13,876,25.76
Iona (MAAC),0,13,79.6,539,1.32,4.1,45.6,812,1929,42.1,633,71.2,622,1181,36.9,1199,37.5,-0.6,73.7,5.9,860,37.2,696,247,35.5,451,409,1.3,68.8,339,10.59,842,26.31
UNCW (CAA),0,13,79.2,428,1.17,4.4,45.6,729,1748,41.7,741,70.2,761,1203,37.6,1170,36.6,1,71.4,7.8,651,33.6,507,171,33.7,485,365,3.8,78.1,384,12,819,25.59
West Virginia (Big 12),0,3,79.2,502,1.05,2.5,45.2,709,1658,42.8,945,67,795,1332,39.2,1045,30.7,8.4,66.6,12.6,627,32.9,599,199,33.2,617,476,4.1,76.5,541,15.91,791,23.26
Oregon (Pac-12),3,1,78.8,464,1.18,5.9,46.7,836,1970,42.4,813,71.3,607,1229,36.1,1119,32.9,3.2,69.1,9.7,670,34.9,670,243,36.3,488,393,2.8,82.4,399,11.74,830,24.41
Iowa (Big Ten),1,7,78.1,496,1.54,4.8,45,788,1901,41.5,634,71.9,504,1190,38.4,1148,37,1.4,68.7,9.4,667,38.2,735,228,31,407,323,2.7,67.7,369,11.9,821,26.48
Purdue (Big Ten),0,5,77.7,598,1.47,4.6,47.2,794,2029,39.1,695,74.2,584,1392,40.9,1030,30.3,10.6,64.6,13.1,703,36.8,670,210,31.3,320,406,-2.5,76.5,397,11.68,995,29.26
Utah (Pac-12),1,3,77.6,532,1.27,4.3,48.9,873,2112,41.3,734,71.4,526,1270,37.4,1118,32.9,4.5,69.1,8.5,713,36.3,689,253,36.7,355,418,-1.9,76.5,328,9.65,942,27.71
Hawaii (Big West),1,13,77.6,504,1.19,3.8,46.2,719,1806,39.8,833,68.1,648,1200,37.5,1050,32.8,4.7,66.5,11.1,704,32.7,632,199,31.5,472,423,1.5,84.4,344,10.75,856,26.75
Saint Joseph's (Atlantic 10),1,8,77.6,514,1.49,3.4,45.4,875,2110,41.5,769,71.3,545,1312,38.6,1212,35.6,2.9,69.9,7.7,728,32.7,872,270,31,389,344,1.3,79.4,345,10.15,967,28.44
Buffalo (MAC),0,14,77.6,433,0.93,3.6,43.8,882,2044,43.2,845,71,723,1330,39.1,1229,36.1,3,75.1,2.4,750,33.7,740,251,33.9,450,465,-0.4,58.8,417,12.26,913,26.85
VCU (Atlantic 10),1,10,77.2,488,1.25,3.8,45,818,1859,44,684,69,665,1270,37.4,1179,34.7,2.7,67.3,9.9,694,35.6,556,187,33.6,525,389,4,70.6,425,12.5,845,24.85
Baylor (Big 12),0,5,77.2,587,1.38,4,46.7,797,1794,44.4,737,72.7,636,1234,37.4,972,29.5,7.9,69.2,7.9,556,36.7,622,228,36.7,452,425,0.8,66.7,453,13.73,781,23.67
Villanova (Big East),6,2,77,549,1.45,3.4,46.7,764,1910,40,664,77.7,596,1211,35.6,1147,33.7,1.9,63.7,13.3,847,34.4,716,240,33.5,471,378,2.7,85.3,315,9.26,896,26.35
Stony Brook (America East),0,13,76.8,531,1.45,4.6,47.6,737,1824,40.4,618,67.2,509,1266,39.6,1014,31.7,7.9,63.4,13.4,584,37.2,636,208,32.7,409,365,1.4,81.3,401,12.53,865,27.03
Weber St. (Big Sky),0,15,76.7,472,1.05,3.5,48.4,850,2054,41.4,810,67.7,598,1275,37.5,1127,33.1,4.4,66.9,9.9,768,37.4,565,195,34.5,373,451,-2.3,76.5,291,8.56,984,28.94
South Dakota St. (Summit League),0,12,76.6,364,0.96,2.4,45.3,745,1794,41.5,744,73.8,636,1212,37.9,1047,32.7,5.2,68.1,8.5,669,35.7,587,194,33,390,381,0.3,78.1,357,11.16,855,26.72
Maryland (Big Ten),2,5,76.1,465,1.09,5.4,48.8,798,1956,40.8,666,76,548,1171,35.5,1058,32.1,3.4,66.3,9.8,673,37.4,693,223,32.2,370,425,-1.7,75.8,304,9.21,867,26.27
Pittsburgh (ACC),0,10,76,541,1.45,3.7,46,781,1791,43.6,679,75.4,564,1222,38.2,985,30.8,7.4,67.9,8.1,578,34.8,612,218,35.6,370,374,-0.1,65.6,410,12.81,812,25.38
Colorado (Pac-12),0,8,76,454,1.03,5,42.5,829,1980,41.9,779,73.8,616,1400,42.4,1106,33.5,8.9,70.7,5.3,637,39.2,580,206,35.5,365,442,-2.3,66.7,437,13.24,963,29.18
Austin Peay (OVC),0,16,76,473,0.97,2.9,46.3,955,2088,45.7,899,67,610,1289,36.8,1195,34.1,2.7,75.9,0.1,630,34.8,824,296,35.9,470,490,-0.6,51.4,407,11.63,882,25.2
Texas A&M (SEC),2,3,75.9,574,1.43,3.8,44.9,783,1930,40.6,755,67.3,615,1323,38.9,1191,35,3.9,65.5,10.4,745,35,763,251,32.9,488,401,2.6,76.5,436,12.82,887,26.09
Chattanooga (SoCon),0,12,75.8,495,1.17,4.8,45.6,829,1910,43.4,793,73.3,577,1218,35.8,1101,32.4,3.4,66.6,9.2,712,36.4,694,225,32.4,484,422,1.8,85.3,372,10.94,846,24.88
UNC Asheville (Big South),0,15,75.6,411,0.96,3.3,45.8,802,1897,42.3,795,69.4,575,1247,37.8,1172,35.5,2.3,67.5,8.2,586,32.4,677,192,28.4,519,430,2.7,66.7,384,11.64,863,26.15
Miami (FL) (ACC),2,3,75.6,410,1.2,3.6,47.7,790,1839,43,702,75.1,530,1112,34.8,1038,32.4,2.3,66.8,8.8,599,36.6,548,184,33.6,372,341,1,78.1,310,9.69,802,25.06
Fresno St. (Mountain West),0,14,75.3,458,1.26,4,43.4,785,1879,41.8,793,69.2,741,1278,37.6,1237,36.4,1.2,70.4,4.9,620,34.2,743,245,33,510,364,4.3,73.5,404,11.88,874,25.71
Yale (Ivy League),1,12,75.2,425,1.14,4.6,47.1,625,1536,40.7,657,66.4,496,1131,40.4,821,29.3,11.1,63.1,12,484,37.4,525,166,31.6,350,374,-0.9,78.6,379,13.54,752,26.86
California (Pac-12),0,4,75.1,428,1.06,4.8,46.1,762,1940,39.3,780,65.6,682,1319,40,1097,33.2,6.7,67,8.1,632,36.9,513,180,35.1,321,403,-2.5,69.7,374,11.33,945,28.64
Seton Hall (Big East),0,6,74.8,447,0.98,4.7,45,790,1971,40.1,787,66.6,616,1321,40,1185,35.9,4.1,67.8,7.1,573,35.3,652,206,31.6,450,457,-0.2,75.8,425,12.88,896,27.15
Hampton (MEAC),0,16,74.8,377,0.87,3.8,41.5,794,1874,42.4,805,65.7,638,1291,41.6,1132,36.5,5.1,73.8,0.9,659,30.8,615,203,33,388,433,-1.5,67.7,438,14.13,853,27.52
Michigan (Big Ten),0,11,74.3,509,1.53,2.2,46.6,844,1896,44.5,548,73.7,530,1089,32,1122,33,-1,67.5,6.8,849,38.4,695,240,34.5,406,333,2.1,64.7,267,7.85,822,24.18
Providence (Big East),1,9,74,525,1.38,3.6,42.2,850,1956,43.5,744,72.7,558,1207,36.6,1215,36.8,-0.2,69.7,4.2,729,32.1,658,211,32.1,482,380,3.1,69.7,385,11.67,822,24.91
UConn (AAC),1,9,73.4,471,1.25,5,45.9,737,1931,38.2,581,78.7,612,1242,36.5,1164,34.2,2.3,63.1,10.3,660,36.2,709,232,32.7,415,378,1.1,70.6,322,9.47,920,27.06
Wichita St. (MVC),1,11,73.2,459,1.44,3.7,43.4,602,1565,38.5,710,71.4,646,1199,37.5,1051,32.8,4.6,59.3,14,710,33,577,187,32.4,495,318,5.5,75,373,11.66,826,25.81
Dayton (Atlantic 10),0,7,73.2,470,1.12,4.4,46,740,1829,40.5,730,67.3,610,1237,38.7,1065,33.3,5.4,65.8,7.4,620,34.7,671,234,34.9,398,418,-0.6,78.1,317,9.91,920,28.75
Cincinnati (AAC),0,9,73.2,495,1.4,5.8,42.8,722,1849,39,645,70.4,500,1260,39.4,1107,34.6,4.8,62.9,10.3,701,34.5,648,231,35.6,444,354,2.8,68.8,432,13.5,828,25.88
CSU Bakersfield (WAC),0,15,73,501,1.28,5.1,45.1,668,1708,39.1,712,65.3,687,1226,38.3,1097,34.3,4,63.2,9.8,506,34.4,585,187,32,490,391,3.1,75,401,12.53,825,25.78
NIU (MAC),1,11,72.7,469,1.12,3.5,42.8,733,1825,40.2,765,68.5,667,1295,39.2,1148,34.8,4.5,67.1,5.6,666,35.1,753,259,34.4,472,420,1.6,63.6,405,12.27,890,26.97
Middle Tenn. (CUSA),1,15,72.7,431,1.08,3.5,45.1,767,1799,42.6,689,61.7,674,1220,37,1146,34.7,2.2,68.3,4.4,673,38.6,620,213,34.4,445,399,1.4,72.7,341,10.33,879,26.64
Texas Tech (Big 12),0,8,72.4,404,1.09,4.2,44.7,758,1777,42.7,732,74.6,573,1059,34.2,1045,33.7,0.5,69.8,2.5,517,34.4,674,237,35.2,396,371,0.8,61.3,320,10.32,739,23.84
Oregon St. (Pac-12),0,7,72.1,418,1.18,3.4,44.1,739,1732,42.7,672,67.1,624,1073,34.6,1141,36.8,-2.2,70,2.1,570,37,675,222,32.9,420,355,2.1,61.3,330,10.65,743,23.97
Texas (Big 12),0,6,71.3,367,1.11,4.4,43.2,754,1801,41.9,725,66.5,664,1105,34.5,1151,36,-1.4,68.1,3.3,658,33.9,586,201,34.3,400,332,2.1,62.5,352,11,753,23.53
Little Rock (Sun Belt),1,12,70.9,433,1.25,3.2,45.8,664,1710,38.8,572,73.4,601,1117,33.8,1113,33.7,0.1,59.6,11.3,641,38.8,672,206,30.7,464,347,3.5,87.9,302,9.15,815,24.7
Virginia (ACC),3,1,70.4,473,1.53,2.9,48.7,687,1630,42.1,565,75.4,540,1052,31.9,935,28.3,3.5,59.7,10.7,489,40.5,608,212,34.9,398,310,2.7,78.8,296,8.97,756,22.91
Syracuse (ACC),4,10,70.2,450,1.16,4.1,42.7,759,1835,41.4,637,68.3,530,1137,35.5,1182,36.9,-1.4,65.7,4.5,776,36.1,739,225,30.4,434,388,1.4,59.4,378,11.81,759,23.72
Wisconsin (Big Ten),2,7,68.9,371,1.06,3.2,43,732,1705,42.9,694,70.7,542,1117,34.9,1017,31.8,3.1,64.6,4.3,590,35.8,499,189,37.9,389,351,1.2,62.5,366,11.44,751,23.47
Temple (AAC),0,10,68.7,433,1.48,3.1,40.5,785,1884,41.7,529,68.4,516,1176,36.8,1224,38.3,-1.5,67.4,1.2,739,34,601,189,31.4,355,293,1.9,65.6,358,11.19,818,25.56
Holy Cross (Patriot),0,16,65.3,459,1.27,2.5,41.3,803,1755,45.8,644,69.3,555,994,30.1,1177,35.7,-5.5,69.7,-4.3,721,32.7,724,264,36.5,434,362,2.2,42.4,269,8.15,725,21.97
UCLA (Pac-12),2,3,90.4,709,1.86,5.4,51.9,912,2179,41.9,576,74.5,543,1294,39.2,1155,35,4.2,75.3,15,807,40.5,784,284,36.2,399,381,0.5,87.9,322,9.76,972,29.45
Kentucky (SEC),3,2,85.9,528,1.29,5.3,47.7,873,2061,42.4,899,70.1,656,1366,40.2,1181,34.7,5.4,71.6,14.4,679,35.3,674,207,30.7,496,409,2.6,85.3,428,12.59,938,27.59
Oklahoma St. (Big 12),0,10,85.5,469,1.11,3,46.4,846,1800,47,770,78.7,709,1175,36.7,1063,33.2,3.5,78,7.5,716,40.1,612,219,35.8,489,422,2.1,62.5,438,13.69,737,23.03
UNCW (CAA),0,12,85.2,550,1.55,3.4,48.2,912,1912,47.7,691,69.2,679,1221,35.9,1151,33.9,2.1,74.9,10.2,891,36.6,551,185,33.6,498,354,4.2,85.3,408,12,813,23.91
North Carolina (ACC),6,1,84.9,619,1.53,3.2,47.1,838,2013,41.6,753,70.5,606,1479,43.5,1046,30.8,12.7,70.6,14.3,672,36.6,799,274,34.3,464,405,1.7,79.4,537,15.79,942,27.71
Gonzaga (WCC),5,1,84.6,529,1.42,4.5,51.8,741,2014,36.8,740,73.8,543,1330,40.3,1073,32.5,7.8,61.2,23.4,631,38.2,640,192,30,413,373,1.2,97,309,9.36,1021,30.94
Kansas (Big 12),3,1,82.7,521,1.24,4.7,48.7,825,1968,41.9,715,66.6,580,1243,38.8,1114,34.8,4,72.4,10.3,689,40.5,658,235,35.7,430,419,0.3,87.5,385,12.03,858,26.81
Marquette (Big East),0,10,82.5,513,1.36,3.6,48.7,823,1803,45.6,571,77.9,601,1031,33.3,1039,33.5,-0.3,75,7.5,755,43,615,227,36.9,409,378,1,61.3,274,8.84,757,24.42
Florida St. (ACC),1,3,82.5,485,1.24,5.1,48.3,798,1936,41.2,766,69.2,641,1245,37.7,1128,34.2,3.5,71.3,11.2,637,35.6,698,240,34.4,474,390,2.5,75.8,389,11.79,856,25.94
Creighton (Big East),0,6,82.1,587,1.38,2.9,50.8,907,2077,43.7,573,68.2,563,1186,34.9,1219,35.9,-1,72.5,9.6,744,39.9,765,255,33.3,481,424,1.7,73.5,278,8.18,908,26.71
Wichita St. (MVC),1,10,82.1,563,1.49,3.7,47.3,713,1887,37.8,812,73.4,643,1389,40.9,1087,32,8.9,62.4,19.6,725,40.8,735,227,30.9,475,379,2.8,88.2,407,11.97,982,28.88
West Virginia (Big 12),2,4,82,569,1.36,4.7,45.8,759,1791,42.4,823,67.8,699,1268,37.3,1179,34.7,2.6,66.3,15.6,711,36.1,650,227,34.9,695,417,8.2,76.5,487,14.32,781,22.97
Iowa St. (Big 12),1,5,80.9,522,1.56,3.6,46.9,876,2049,42.8,572,69.6,527,1153,34.9,1272,38.5,-3.6,72,8.9,818,40.2,729,254,34.8,474,335,4.2,69.7,308,9.33,845,25.61
Duke (ACC),1,2,80.7,458,1.16,4.5,47.7,908,2097,43.3,790,75.8,632,1271,36.3,1171,33.5,2.9,69.8,10.8,766,37.6,594,175,29.5,419,395,0.7,77.1,366,10.46,905,25.86
North Dakota (Big Sky),0,15,80.5,469,1.14,2.9,48.3,788,1796,43.9,682,71.8,647,1114,35.9,1084,35,1,72.8,7.7,563,38.7,601,211,35.1,473,413,1.9,71,288,9.29,826,26.65
Iona (MAAC),0,14,80.5,531,1.29,3,45.5,916,2120,43.2,652,77,652,1223,36,1300,38.2,-2.3,76.4,4.1,836,39.7,753,271,36,449,411,1.1,64.7,325,9.56,898,26.41
Purdue (Big Ten),2,4,80.1,580,1.38,2.5,48,811,1962,41.3,639,76.4,504,1214,37.9,996,31.1,6.8,67.2,13,709,40.6,651,210,32.3,385,419,-1.1,78.1,315,9.84,899,28.09
Nevada (Mountain West),0,12,80,546,1.44,4.4,45,890,2095,42.5,843,70.3,567,1323,38.9,1191,35,3.9,70.9,9,811,38.5,742,228,30.7,384,379,0.1,82.4,376,11.06,947,27.85
Arkansas (SEC),1,8,79.8,479,1.2,4.7,46.1,851,2027,42,794,76.2,700,1233,36.3,1229,36.1,0.1,74,5.8,610,36.4,758,252,33.2,445,399,1.4,73.5,385,11.32,848,24.94
Winthrop (Big South),0,13,79.7,411,0.98,5.3,45.7,787,1941,40.5,715,72,583,1197,37.4,1165,36.4,1,70.2,9.5,814,37.3,681,211,31,450,421,0.9,81.3,313,9.78,884,27.63
FGCU (ASUN),0,14,79.4,509,1.24,3.5,50.2,800,1900,42.1,644,70.2,613,1243,37.7,1039,31.5,6.2,68.8,10.6,608,35,744,230,30.9,426,410,0.5,78.8,372,11.27,871,26.39
Virginia Tech (ACC),0,9,79.3,483,1.24,2.8,49,876,1969,44.5,715,73.4,525,1041,32.5,1109,34.7,-2.1,74.4,4.8,703,40.3,697,251,36,375,388,-0.4,68.8,234,7.31,807,25.22
Oregon (Pac-12),4,3,79.1,558,1.42,6.6,48.1,803,2002,40.1,688,71.1,545,1237,36.4,1105,32.5,3.9,65,14.1,773,37.8,748,233,31.1,467,394,2.1,85.3,355,10.44,882,25.94
Southern California (Pac-12),1,11,78.7,505,1.37,5.4,45.4,893,2074,43.1,736,73.9,525,1191,36.1,1179,35.7,0.4,73.2,5.5,713,36.3,757,276,36.5,423,368,1.7,72.7,356,10.79,835,25.3
Troy (Sun Belt),0,15,78.4,474,1.07,3.5,45.7,904,2119,42.7,834,72.2,635,1330,36.9,1235,34.3,2.6,71.7,6.8,845,36.2,840,282,33.6,455,445,0.3,61.1,396,11,934,25.94
Florida (SEC),3,4,78.3,404,1.07,4.8,45,754,1848,40.8,764,72.6,595,1195,37.3,1132,35.4,2,66.6,11.7,685,36.2,583,179,30.7,480,378,3.2,75,370,11.56,825,25.78
Notre Dame (ACC),1,5,78,544,1.69,3.8,46.1,865,2005,43.1,573,79.9,505,1148,33.8,1211,35.6,-1.9,69.2,8.8,830,38.6,691,233,33.7,435,321,3.4,73.5,317,9.32,831,24.44
Villanova (Big East),1,1,77.7,486,1.28,3.1,49.7,799,1912,41.8,649,79.4,483,1134,33.4,1012,29.8,3.6,62.8,14.9,810,37,768,240,31.3,452,381,2.1,91.2,291,8.56,843,24.79
South Dakota St. (Summit League),0,16,77.6,451,1.03,2.3,45.9,938,2077,45.2,771,77.6,567,1190,35,1145,33.7,1.3,77.4,0.2,863,36.3,960,361,37.6,389,440,-1.5,52.9,307,9.03,883,25.97
Louisville (ACC),1,2,77.5,435,1.22,5.5,45.5,709,1790,39.6,682,68.5,623,1270,39.7,1086,33.9,5.8,65.8,11.7,636,35.8,637,197,30.9,439,357,2.6,75,426,13.31,844,26.38
Kent St. (MAC),0,14,76.9,439,0.96,3.9,42.8,894,2080,43,743,71.9,668,1416,40.5,1206,34.5,6,72.3,4.6,781,31.8,747,258,34.5,496,457,1.1,62.9,524,14.97,892,25.49
Dayton (Atlantic 10),0,7,76.5,489,1.32,4,47,712,1724,41.3,748,68.9,578,1068,34.5,1062,34.3,0.2,66.5,9.9,649,38.7,679,221,32.5,463,370,3,77.4,267,8.61,801,25.84
Butler (Big East),2,4,76.3,409,1.3,2.8,47.8,737,1661,44.4,630,74,587,993,32,974,31.4,0.6,68.4,7.9,652,36.3,625,209,33.4,420,315,3.4,74.2,272,8.77,721,23.26
Arizona (Pac-12),2,2,76.3,469,1.21,3.2,47.6,808,1945,41.5,768,75.8,577,1250,36.8,1018,29.9,6.8,65.4,10.8,576,39.8,712,218,30.6,405,389,0.5,88.2,350,10.29,900,26.47
Northern Ky. (Horizon),0,15,76.1,475,1.03,2.8,45.9,891,2026,44,729,67.6,601,1279,37.6,1119,32.9,4.7,71.4,4.7,827,35.3,682,224,32.8,415,460,-1.3,70.6,378,11.12,901,26.5
Bucknell (Patriot),0,13,76.1,497,1.1,3.8,48.1,830,1950,42.6,707,67.9,630,1171,34.4,1133,33.3,1.1,67.4,8.7,734,37.7,620,211,34,473,451,0.6,76.5,293,8.62,878,25.82
Minnesota (Big Ten),0,5,75.3,492,1.28,6.8,43.5,829,2084,39.8,785,70.7,557,1317,39.9,1275,38.6,1.3,69.1,6.2,590,34.4,699,213,30.5,421,385,1.1,72.7,374,11.33,943,28.58
Middle Tenn. (CUSA),1,12,75,519,1.47,2.9,49,743,1782,41.7,590,69.8,616,1208,35.5,1035,30.4,5.1,63.3,11.7,590,36.8,641,205,32,458,354,3.1,88.2,337,9.91,871,25.62
Michigan (Big Ten),2,7,74.8,483,1.46,2.8,48.3,869,1879,46.2,581,77.5,529,1029,29.4,1097,31.3,-1.9,65.5,9.3,860,38.1,540,204,37.8,453,330,3.5,68.6,263,7.51,766,21.89
VCU (Atlantic 10),0,10,74.7,519,1.22,3.9,46.1,775,1852,41.8,721,70.7,698,1246,36.6,1148,33.8,2.9,66.4,8.3,589,33.4,580,196,33.8,499,426,2.1,76.5,375,11.03,871,25.62
Xavier (Big East),3,11,74.6,505,1.16,2.7,45.4,862,1907,45.2,794,68.8,638,1278,37.6,1053,31,6.6,71.4,3.3,703,34,748,253,33.8,416,435,-0.6,61.8,415,12.21,863,25.38
SMU (AAC),0,6,74.5,556,1.51,3.4,47.4,721,1878,38.4,686,69.5,490,1304,38.4,997,29.3,9,59.8,14.7,682,40.6,850,274,32.2,398,369,0.9,88.2,406,11.94,898,26.41
Cincinnati (AAC),1,6,74.5,538,1.58,5.1,45.4,715,1859,38.5,656,68.3,543,1264,37.2,1111,32.7,4.5,60.8,13.6,734,34.3,684,233,34.1,466,340,3.7,85.3,421,12.38,843,24.79
Texas Southern (SWAC),0,16,74.4,402,1.02,3.1,43.1,902,2038,44.3,876,73.4,590,1199,35.3,1265,37.2,-1.9,71.7,2.6,668,29.6,580,188,32.4,458,394,1.9,67.6,395,11.62,804,23.65
Maryland (Big Ten),0,6,74.2,459,1.11,4.7,45.1,772,1867,41.3,713,69.8,595,1148,35.9,1126,35.2,0.7,67.8,6.3,730,36.3,605,203,33.6,402,415,-0.4,75,344,10.75,804,25.13
Vermont (America East),0,13,73.6,455,1.19,4.4,49.6,781,1858,42,641,70.2,539,1164,34.2,1028,30.2,4,61.6,12,594,36.9,576,190,33,443,383,1.8,85.3,318,9.35,846,24.88
Rhode Island (Atlantic 10),1,11,73.4,443,1.2,6.1,45.2,711,1759,40.4,752,65.7,689,1235,37.4,1140,34.5,2.9,64.9,8.5,609,34,524,152,29,434,370,1.9,72.7,392,11.88,843,25.55
Seton Hall (Big East),0,9,73.3,394,0.91,2.5,45,783,1813,43.2,712,64.3,595,1266,39.6,1053,32.9,6.7,70.2,3.1,580,33.8,621,211,34,392,434,-1.3,65.6,418,13.06,848,26.5
Baylor (Big 12),2,3,72.7,502,1.17,4.8,47.1,713,1791,39.8,607,71.7,566,1217,38,931,29.1,8.9,62.7,10,601,35.9,623,197,31.6,357,429,-2.3,78.1,412,12.88,805,25.16
Princeton (Ivy League),0,12,72.1,416,1.44,3.1,45.2,631,1516,41.6,410,73.4,468,969,33.4,968,33.4,0,61.5,10.6,758,38.3,576,191,33.2,388,289,3.4,79.3,240,8.28,729,25.14
South Carolina (SEC),4,7,72.1,403,0.94,3.9,41.4,671,1686,39.8,748,69,665,1161,36.3,1134,35.4,0.8,64.5,7.6,639,33.8,574,168,29.3,552,428,3.9,68.8,401,12.53,760,23.75
Saint Mary's (CA) (WCC),1,7,72,536,1.59,3.2,49.6,686,1676,40.9,452,74.8,472,1140,35.6,841,26.3,9.3,56.5,15.5,706,39.9,472,143,30.3,300,337,-1.2,87.5,308,9.63,832,26
Wisconsin (Big Ten),2,8,71.9,460,1.23,3.6,45.2,750,1831,41,632,64.4,535,1269,37.3,1055,31,6.3,61.4,10.5,723,35.5,612,231,37.7,442,373,2,73.5,420,12.35,849,24.97
Michigan St. (Big Ten),1,9,71.7,560,1.2,4.8,46.8,777,1913,40.6,614,66.4,670,1211,36.7,1093,33.1,3.6,68.4,3.4,689,37.6,626,217,34.7,363,468,-3.2,57.6,313,9.48,898,27.21
Kansas St. (Big 12),0,11,71.7,494,1.15,3.8,45.8,775,1825,42.5,724,68.9,585,1081,32.8,1118,33.9,-1.1,66.9,4.8,649,36.1,616,236,38.3,501,431,2.1,60.6,314,9.52,767,23.24
Vanderbilt (SEC),0,9,71.3,441,1.05,3.8,43.1,836,1976,42.3,642,77.6,565,1178,34.6,1171,34.4,0.2,68.1,3.1,895,37.7,656,220,33.5,367,420,-1.6,55.9,279,8.21,899,26.44
Tennessee St. (OVC),0,13,71.1,339,0.75,3.4,44.3,637,1567,40.7,688,69.2,633,1118,37.3,978,32.6,4.7,67.7,3.4,501,33.9,712,248,34.8,471,452,0.6,56.7,366,12.2,752,25.07
Northwestern (Big Ten),1,8,71.1,519,1.45,5,43.6,770,1911,40.3,607,75.1,647,1231,36.2,1202,35.4,0.9,65.1,6,707,34.1,657,220,33.5,405,358,1.4,67.6,366,10.76,865,25.44
UC Davis (Big West),0,16,70.5,440,0.91,3.4,43.7,829,1955,42.4,788,66.5,658,1212,35.6,1166,34.3,1.4,68.9,1.6,599,35.4,717,237,33.1,480,481,0,64.7,349,10.26,863,25.38
Jacksonville St. (OVC),0,15,69.7,479,1.03,3.7,45.7,785,1891,41.5,639,71.2,615,1221,35.9,1080,31.8,4.1,67.6,2.1,666,37.2,701,263,37.5,375,463,-2.6,58.8,351,10.32,870,25.59
Miami (FL) (ACC),0,8,69.4,381,0.94,3.9,45.3,731,1764,41.4,600,71.8,498,1153,36,1007,31.5,4.6,63.7,5.7,571,35.9,611,202,33.1,380,407,-0.8,65.6,354,11.06,799,24.97
Mount St. Mary's (NEC),0,16,68.3,379,0.85,4,44.4,863,1925,44.8,615,67.5,612,1029,30.3,1280,37.6,-7.4,68.6,-0.3,690,35.7,532,183,34.4,507,447,1.8,55.9,260,7.65,769,22.62
Virginia (ACC),1,5,66.6,456,1.5,4.1,46.4,610,1543,39.5,442,70.8,520,1054,32.9,945,29.5,3.4,55.6,11,570,39.3,612,191,31.2,411,305,3.3,68.8,282,8.81,772,24.13
Villanova (Big East),6,1,87.1,567,1.61,4,50.4,889,2047,43.4,599,77.1,539,1210,35.6,1112,32.7,2.9,70.9,16.2,975,39.8,726,238,32.8,446,352,2.8,88.2,319,9.38,891,26.21
Oklahoma (Big 12),0,10,85.2,467,1.13,4.7,46.4,934,2101,44.5,660,74.8,534,1186,38.3,1199,38.7,-0.4,81.6,3.5,816,36.3,782,282,36.1,409,415,-0.2,58.1,322,10.39,864,27.87
South Dakota St. (Summit League),0,12,84.9,459,1.35,2.3,47,928,2163,42.9,745,76,547,1325,39,1198,35.2,3.7,74.1,10.8,896,40.3,835,279,33.4,362,340,0.6,82.4,302,8.88,1023,30.09
Buffalo (MAC),1,13,84.8,576,1.35,4.2,47.4,871,2051,42.5,666,69.7,719,1326,39,1240,36.5,2.5,75.9,8.9,887,37.1,695,230,33.1,474,426,1.4,76.5,408,12,918,27
Duke (ACC),3,2,84.7,578,1.39,5.4,49.3,851,2121,40.1,713,70.8,516,1382,41.9,1080,32.7,9.2,69.6,15.1,725,37.8,779,250,32.1,397,416,-0.6,78.8,447,13.55,935,28.33
Gonzaga (WCC),2,4,84.5,535,1.39,3.7,50.3,805,1987,40.5,645,72.2,580,1357,39.9,1051,30.9,9,67.1,17.4,826,37.4,709,252,35.5,417,384,1,88.2,376,11.06,981,28.85
Creighton (Big East),0,8,84.3,576,1.61,2.7,49.7,884,2043,43.3,526,74.7,481,1161,36.3,1126,35.2,1.1,74.2,10.1,889,37.6,766,252,32.9,376,358,0.6,65.6,232,7.25,929,29.03
Xavier (Big East),1,1,84.3,549,1.34,2.9,49.1,894,2072,43.1,781,79,559,1267,38.4,1030,31.2,7.2,74.5,9.8,699,36.9,854,285,33.4,377,410,-1,84.8,323,9.79,944,28.61
Marshall (CUSA),1,13,84.3,586,1.31,5.9,46.9,999,2268,44,704,76.7,586,1232,36.2,1383,40.7,-4.4,78.8,5.4,963,35.4,693,245,35.4,484,449,1,70.6,276,8.12,956,28.12
Auburn (SEC),1,4,83.4,462,1.18,5.4,43.9,786,1849,42.5,789,78.6,636,1221,38.2,1114,34.8,3.3,73.3,10.1,852,36.6,729,258,35.4,488,392,3,78.1,388,12.13,833,26.03
Nevada (Mountain West),2,7,83.1,559,1.65,4.1,46.8,887,2063,43,762,74.7,587,1225,36,1229,36.1,-0.1,72.9,10.2,830,39.8,814,254,31.2,442,338,3.1,79.4,322,9.47,903,26.56
TCU (Big 12),0,6,83,601,1.48,3.6,49.9,873,1901,45.9,657,70.8,541,1166,36.4,964,30.1,6.3,75.9,7.1,677,40,683,259,37.9,403,406,-0.1,65.6,360,11.25,806,25.19
Lipscomb (ASUN),0,15,82.6,503,1.05,3.1,45.6,867,1942,44.6,811,71.5,639,1247,39,1125,35.2,3.8,77.5,5.1,785,33.1,709,240,33.9,493,480,0.4,71.9,340,10.63,907,28.34
North Carolina (ACC),1,2,82,638,1.52,4.3,46,918,2173,42.2,652,74.1,550,1487,42.5,1137,32.5,10,73.1,8.9,796,36.4,888,340,38.3,406,421,-0.4,71.4,492,14.06,995,28.43
Florida St. (ACC),3,9,81.7,473,1.17,5.2,47.4,809,1923,42.1,691,68.5,567,1179,38,1083,34.9,3.1,74.5,7.2,706,35.1,723,263,36.4,437,403,1.1,64.5,363,11.71,816,26.32
Kansas (Big 12),4,9,81.5,578,1.46,4.2,49.8,886,2099,42.2,540,70,520,1197,35.2,1195,35.1,0.1,70.9,10.6,857,40.3,805,263,32.7,442,397,1.3,79.4,325,9.56,872,25.65
NC State (ACC),0,9,81.2,517,1.33,3.8,47,880,1894,46.5,676,70,581,1142,35.7,1123,35.1,0.6,74.5,6.8,677,37.2,608,192,31.6,480,390,2.8,65.6,390,12.19,752,23.5
Purdue (Big Ten),2,2,81.1,568,1.56,5,49.7,834,2033,41,696,74.3,528,1191,35,1104,32.5,2.6,65.6,15.5,776,42,700,236,33.7,411,363,1.4,82.4,287,8.44,904,26.59
SFA (Southland),0,14,81.1,489,0.92,3,48.8,743,1742,42.7,791,70.5,743,1217,35.8,1083,31.9,3.9,68.1,13,637,37.2,673,242,36,679,529,4.4,82.4,397,11.68,820,24.12
Bucknell (Patriot),0,14,81.1,492,1.15,4.4,47.2,880,2080,42.3,844,71.8,632,1253,36.9,1200,35.3,1.6,72.9,8.3,784,34.3,660,219,33.2,428,429,0,73.5,318,9.35,935,27.5
Arkansas (SEC),0,7,81.1,492,1.32,4.6,47.7,843,1969,42.8,770,67.8,687,1182,34.8,1218,35.8,-1.1,75.5,5.6,661,40.1,818,290,35.5,476,374,3,67.6,346,10.18,836,24.59
Michigan St. (Big Ten),1,3,81,638,1.47,7.4,50.4,736,2011,36.6,678,75.1,596,1348,40.8,1005,30.5,10.4,64.8,16.2,671,41.3,720,240,33.3,329,435,-3.2,87.9,365,11.06,983,29.79
Arizona (Pac-12),0,4,80.9,518,1.24,4.6,50.5,856,1985,43.1,730,76,595,1246,36.6,986,29,7.6,71.2,9.7,624,37.7,699,246,35.2,396,418,-0.6,79.4,341,10.03,905,26.62
Iona (MAAC),0,15,79.8,526,1.37,3.1,46.2,933,2035,45.8,612,73.9,571,1116,33.8,1242,37.6,-3.8,76.2,3.6,822,38.8,715,254,35.5,452,385,2,60.6,281,8.52,835,25.3
Virginia Tech (ACC),0,8,79.7,528,1.38,2.3,49.8,814,1915,42.5,661,71,502,1056,33,1104,34.5,-1.5,71.8,8,727,38.5,824,284,34.5,416,382,1.1,65.6,236,7.38,820,25.63
West Virginia (Big 12),2,5,79.6,512,1.33,5.3,43.4,765,1801,42.5,679,76.6,727,1288,37.9,1172,34.5,3.4,69,10.6,847,35.3,685,256,37.4,561,385,5.2,70.6,476,14,812,23.88
Butler (Big East),1,10,79.1,462,1.25,2.9,47.2,831,1846,45,536,77.1,602,1122,34,1079,32.7,1.3,72.8,6.3,759,35.6,693,259,37.4,467,369,3,60.6,304,9.21,818,24.79
Murray St. (OVC),0,12,78.9,459,1.25,3.2,48.5,729,1779,41,664,73,536,1150,37.1,972,31.4,5.7,65.5,13.4,696,37.9,638,195,30.6,394,368,0.8,83.9,327,10.55,823,26.55
Montana (Big Sky),0,14,78.1,421,1.03,3.4,47.1,763,1778,42.9,769,70.6,695,1225,37.1,1066,32.3,4.8,68.7,9.4,534,34.3,568,204,35.9,510,410,3,78.8,394,11.94,831,25.18
St. Bonaventure (Atlantic 10),0,11,77.9,455,1.24,3.6,45.6,759,1802,42.1,739,75.4,641,1138,35.6,1108,34.6,0.9,71,6.9,623,39.8,767,246,32.1,459,367,2.9,78.1,331,10.34,807,25.22
Texas Southern (SWAC),0,16,77.6,417,0.97,3.9,44.1,992,2187,45.4,860,71.9,603,1230,36.2,1294,38.1,-1.9,79.7,-2.1,732,36.3,726,269,37.1,397,429,-0.9,44.1,350,10.29,880,25.88
San Diego St. (Mountain West),0,11,77.5,477,1.25,3.2,46.1,773,1849,41.8,667,72.1,545,1206,37.7,1038,32.4,5.3,67.9,9.6,693,33.9,754,246,32.6,436,382,1.7,68.8,355,11.09,851,26.59
Houston (AAC),1,6,77.4,492,1.23,3.1,46.6,703,1774,39.6,628,71.7,694,1273,38.6,1044,31.6,6.9,64.9,12.5,737,38.7,669,219,32.7,438,401,1.1,78.8,391,11.85,882,26.73
Kentucky (SEC),2,5,76.7,456,1.03,4.9,47,836,2060,40.6,838,69.7,642,1312,38.6,1152,33.9,4.7,70.3,6.4,513,36.1,869,260,29.9,407,443,-1.1,70.6,411,12.09,901,26.5
Davidson (Atlantic 10),0,12,76.4,539,1.76,2,48.3,776,1775,43.7,444,79.7,481,1050,32.8,1006,31.4,1.4,67.6,8.9,874,39.1,755,266,35.2,342,306,1.1,65.6,221,6.91,829,25.91
Penn (Ivy League),0,16,76.4,492,1.29,2.8,46,789,1909,41.3,637,66.6,553,1206,37.7,1151,36,1.7,68.7,7.8,801,35,633,185,29.2,397,380,0.5,75,278,8.69,928,29
Rhode Island (Atlantic 10),1,7,76.2,489,1.42,3.5,46,753,1672,45,597,70.7,610,1101,34.4,1080,33.8,0.7,67.9,8.3,623,35,508,168,33.1,508,344,5.1,78.1,361,11.28,740,23.13
Florida (SEC),1,6,76.1,415,1.32,4.7,43.4,787,1835,42.9,640,71.9,552,1124,35.1,1194,37.3,-2.2,69.4,6.6,778,37.5,616,220,35.7,444,314,4.1,62.5,345,10.78,779,24.34
New Mexico St. (WAC),0,12,75.9,465,1.11,3.1,46,730,1860,39.2,586,64.3,591,1369,41.5,1072,32.5,9,63.8,12.1,748,33.3,701,216,30.8,455,418,1.1,84.8,419,12.7,950,28.79
Ohio St. (Big Ten),1,5,75.8,472,1.25,4,48.5,756,1823,41.5,581,72.6,558,1172,36.6,1001,31.3,5.3,66.7,9.1,612,35.3,722,250,34.6,392,378,0.4,75,311,9.72,861,26.91
Georgia St. (Sun Belt),0,15,75.3,452,1.17,4.6,46.3,747,1901,39.3,612,67.6,624,1156,34,1250,36.8,-2.8,67.3,8,812,38.8,871,298,34.2,493,386,3.1,70.6,303,8.91,853,25.09
Texas Tech (Big 12),3,3,75.2,476,1.15,4.3,46.4,718,1783,40.3,749,70.1,599,1186,35.9,1048,31.8,4.2,64.7,10.5,634,36.6,692,227,32.8,501,414,2.6,72.7,363,11,823,24.94
Col. of Charleston (CAA),0,13,75.1,377,1.19,3.6,46,803,1848,43.5,685,75.9,540,1089,33,1113,33.7,-0.7,68.8,6.3,698,36.4,670,234,34.9,391,318,2.2,78.8,280,8.48,809,24.52
Texas A&M (SEC),2,7,75,495,1.14,5.9,45.7,800,1986,40.3,622,66.7,536,1323,41.3,1133,35.4,5.9,69.8,5.2,644,32.8,747,242,32.4,358,434,-2.4,62.5,402,12.56,921,28.78
Cincinnati (AAC),1,2,74.5,543,1.39,5.5,45.3,688,1860,37,725,68.7,538,1323,38.9,1073,31.6,7.4,57.1,17.3,695,35.7,702,217,30.9,503,390,3.3,88.2,444,13.06,879,25.85
Michigan (Big Ten),5,3,74.5,518,1.62,3.2,47.1,813,1891,43,607,65.9,546,1166,33.3,1141,32.6,0.7,63.5,10.9,868,36.9,574,194,33.8,450,320,3.7,80,300,8.57,866,24.74
Tennessee (SEC),1,3,74.2,522,1.3,4.5,43.9,743,1813,41,693,75.6,646,1193,36.2,1133,34.3,1.8,66.4,7.8,675,38.4,658,210,31.9,460,403,1.7,75.8,385,11.67,808,24.48
Miami (FL) (ACC),0,6,74.1,413,1.18,4,46.4,768,1786,43,534,66.3,506,1080,34.8,1060,34.2,0.6,68,6.1,669,36.3,634,207,32.6,402,351,1.6,71,309,9.97,771,24.87
UMBC (America East),1,16,73.9,525,1.28,2.5,44.5,842,1912,44,609,64.9,562,1184,34.8,1232,36.2,-1.4,69.5,4.4,894,38.7,785,277,35.3,504,411,2.7,70.6,338,9.94,846,24.88
Providence (Big East),0,10,73.7,468,1.1,3.8,44.2,887,2002,44.3,775,70.3,601,1221,35.9,1224,36,-0.1,72.7,1,651,33.3,730,234,32.1,455,424,0.9,61.8,364,10.71,857,25.21
UNC Greensboro (SoCon),0,13,73.5,480,1.03,3.9,44.6,704,1736,40.6,539,70.1,628,1262,37.1,1032,30.4,6.8,62.4,11.1,915,35.8,705,224,31.8,518,468,1.5,79.4,405,11.91,857,25.21
Clemson (ACC),2,5,73.3,422,1.09,4.8,45.3,757,1845,41,609,75.7,512,1135,35.5,1069,33.4,2.1,65.8,7.5,726,36.6,682,242,35.5,383,387,-0.1,71.9,287,8.97,848,26.5
Missouri (SEC),0,8,73.3,435,0.96,4.3,45.3,774,1900,40.7,667,73.6,573,1185,37,1043,32.6,4.4,68.1,5.2,775,38.5,689,224,32.5,355,452,-3,62.5,327,10.22,858,26.81
Cal St. Fullerton (Big West),0,15,73.2,396,0.9,3.3,47,745,1802,41.3,729,73.4,554,1089,35.1,1030,33.2,1.9,70,3.2,482,33.8,613,211,34.4,404,438,-1.1,64.5,275,8.87,814,26.26
Loyola Chicago (MVC),4,11,72.4,520,1.29,2.5,50.7,755,1831,41.2,561,72.4,456,1067,32.3,1013,30.7,1.6,62.2,10.2,618,39.8,671,221,32.9,434,404,0.9,84.8,209,6.33,858,26
Kansas St. (Big 12),3,9,72.4,473,1.25,3,47.2,762,1775,42.9,607,74.3,607,1009,30.6,1114,33.8,-3.2,67.9,4.5,666,34.4,705,234,33.2,473,378,2.9,66.7,270,8.18,739,22.39
Alabama (SEC),1,9,72.4,426,0.89,5.5,45.8,822,1991,41.3,778,67.2,646,1234,36.3,1227,36.1,0.2,70,2.4,669,32.4,739,236,31.9,448,481,-1,55.9,341,10.03,893,26.26
Wright St. (Horizon),0,14,72.1,451,1.01,2.2,43.6,789,1905,41.4,714,71.7,541,1234,36.3,1135,33.4,2.9,65.7,6.4,682,34.2,757,263,34.7,519,446,2.1,73.5,345,10.15,889,26.15
Texas (Big 12),0,10,71.7,382,0.98,5,43.8,829,1965,42.2,645,66.8,532,1181,35.8,1186,35.9,-0.2,68.2,3.5,742,31.5,685,226,33,418,391,0.8,57.6,349,10.58,832,25.21
Virginia (ACC),0,1,67.5,453,1.6,3.7,46.1,621,1655,37.5,443,75.8,464,1078,32.7,1010,30.6,2.1,53.4,14.2,623,39,670,203,30.3,420,283,4.2,93.9,277,8.39,801,24.27
Syracuse (ACC),2,11,67.5,362,0.87,5.6,41.8,722,1824,39.6,721,74.1,538,1235,37.4,1085,32.9,4.5,64.5,3,600,32.2,798,262,32.8,424,415,0.3,60.6,399,12.09,836,25.33
Radford (Big South),0,16,67.4,415,1,2.9,42.6,769,1795,42.8,585,72.3,557,1178,34.6,1069,31.4,3.2,64.4,3,752,35,692,240,34.7,441,414,0.8,64.7,393,11.56,785,23.09
Gonzaga (WCC),3,1,88.8,601,1.76,5.5,53.2,788,2028,38.9,718,76.7,530,1275,38.6,1070,32.4,6.2,65.1,23.8,704,36.5,702,217,30.9,447,342,3.2,90.9,315,9.55,960,29.09
Belmont (OVC),0,11,87.4,616,1.71,3.8,49.9,837,1971,42.5,557,73.8,482,1205,38.9,1086,35,3.8,73.9,13.5,871,37.3,700,240,34.3,387,361,0.8,83.9,277,8.94,928,29.94
North Carolina (ACC),2,1,86.1,627,1.45,3.5,46.4,854,2067,41.3,681,74.2,566,1437,43.5,1118,33.9,9.7,72.9,13.2,791,36.5,878,289,32.9,466,431,1.1,81.8,431,13.06,1006,30.48
Buffalo (MAC),1,6,84.9,573,1.43,4.1,46.3,863,2064,41.8,719,69.1,617,1396,41.1,1261,37.1,4,70.5,14.4,968,33.6,754,228,30.2,528,402,3.7,91.2,430,12.65,966,28.41
Duke (ACC),3,1,83.5,541,1.21,6.8,47.7,858,2171,39.5,751,69,539,1420,41.8,1212,35.6,6.1,67.6,15.9,818,30.2,752,221,29.4,502,446,1.6,85.3,455,13.38,965,28.38
Murray St. (OVC),1,12,83.3,561,1.5,4.6,49.6,767,1869,41,628,73.9,506,1175,37.9,1057,34.1,3.8,67.8,15.5,695,34.8,655,185,28.2,442,375,2.2,87.1,336,10.84,839,27.06
Wofford (SoCon),1,7,83,507,1.4,3,49.3,772,1810,42.7,545,69.9,558,1170,35.5,956,29,6.5,65.6,17.4,874,41.6,733,236,32.2,462,363,3,87.9,350,10.61,820,24.85
Tennessee (SEC),2,2,81.8,620,1.63,5.4,49.7,806,2021,39.9,682,76.2,594,1277,37.6,1162,34.2,3.4,68.6,13.1,644,36.2,812,274,33.7,439,380,1.7,85.3,349,10.26,928,27.29
LSU (SEC),2,3,81.4,420,0.99,4.3,46.2,821,1884,43.6,744,75.4,598,1241,38.8,1078,33.7,5.1,73,8.3,678,32.3,736,251,34.1,480,423,1.8,81.3,432,13.5,809,25.28
Yale (Ivy League),0,14,81.1,495,1.29,4.3,49.8,751,1828,41.1,542,73.6,494,1120,38.6,983,33.9,4.7,73.2,7.9,597,37.2,701,219,31.2,328,383,-1.9,75.9,251,8.66,869,29.97
Nevada (Mountain West),0,7,80.7,494,1.46,3.9,46.6,791,1933,40.9,791,70.8,563,1233,37.4,1155,35,2.4,66.6,14.1,831,35.1,773,258,33.4,451,338,3.4,87.9,307,9.3,926,28.06
Auburn (SEC),4,5,79.6,504,1.19,4.8,44.8,808,1866,43.3,669,71.3,639,1211,34.6,1224,35,-0.4,68.1,11.5,1052,37.6,825,291,35.3,616,424,5.5,74.3,422,12.06,789,22.54
Northern Ky. (Horizon),0,14,79.1,581,1.37,4,48.1,806,1934,41.7,717,66.5,647,1259,37,1110,32.6,4.4,68.8,10.4,823,36.6,761,238,31.3,456,424,0.9,76.5,361,10.62,898,26.41
Utah St. (Mountain West),0,8,79.1,585,1.37,4.2,47.4,765,1958,39.1,727,74.7,631,1368,40.2,1066,31.4,8.9,66.8,12.3,752,35.5,783,272,34.7,421,426,-0.1,82.4,368,10.82,1000,29.41
Michigan St. (Big Ten),4,2,78.8,644,1.47,5.5,48.6,793,2098,37.8,680,75,575,1391,40.9,1085,31.9,9,65.5,13.3,735,38.4,777,247,31.8,349,437,-2.6,82.4,368,10.82,1023,30.09
Iowa (Big Ten),1,10,78.3,519,1.29,3.3,45.5,887,1979,44.8,801,74,529,1179,35.7,1144,34.7,1.1,73.6,4.7,739,36.1,819,267,32.6,434,401,1,66.7,341,10.33,838,25.39
Gardner-Webb (Big South),0,16,78.3,492,1.26,2.9,48.8,843,2047,41.2,737,71.1,545,1169,34.4,1194,35.1,-0.7,70.5,7.8,696,39.1,928,303,32.7,453,391,1.8,67.6,269,7.91,900,26.47
New Mexico St. (WAC),0,12,78.1,500,1.24,2.6,45.9,763,1825,41.8,687,67.5,613,1304,38.4,979,28.8,9.6,64.1,14,952,33.5,724,240,33.1,454,403,1.5,88.2,436,12.82,868,25.53
Arizona St. (Pac-12),0,11,77.8,435,1,3.2,44.7,775,1878,41.3,829,67.1,637,1279,40,1127,35.2,4.8,73.1,4.8,680,34.1,816,274,33.6,445,435,0.3,68.8,389,12.16,890,27.81
Marquette (Big East),0,5,77.7,450,0.98,4.3,45.9,789,1964,40.2,680,75.9,616,1256,38.1,1106,33.5,4.5,69.1,8.6,791,39.3,702,224,31.9,391,459,-2.1,72.7,317,9.61,939,28.45
Iowa St. (Big 12),0,6,77.4,518,1.37,4.6,47.7,854,2039,41.9,605,73.2,502,1196,35.2,1177,34.6,0.6,68.3,9.1,789,36.5,802,271,33.8,440,378,1.8,67.6,320,9.41,876,25.76
Mississippi St. (SEC),0,5,77.3,470,1.07,5,47.2,824,1885,43.7,624,71.5,564,1181,35.8,1057,32,3.8,70.1,7.2,752,37.8,683,241,35.3,448,439,0.3,69.7,385,11.67,796,24.12
Georgia St. (Sun Belt),0,14,77.1,410,1.07,4.8,46.4,839,1987,42.2,677,66.3,573,1083,32.8,1285,38.9,-6.1,72.9,4.1,836,38.8,897,296,33,501,384,3.5,72.7,268,8.12,815,24.7
Iona (MAAC),0,16,76.8,421,1.06,2.8,45.3,865,1946,44.5,684,74.1,551,1101,34.4,1168,36.5,-2.1,75.6,1.2,804,35.1,835,307,36.8,425,397,0.9,53.1,282,8.81,819,25.59
Montana (Big Sky),0,15,76.8,500,1.23,3,49.7,798,1855,43,608,68.9,639,1146,33.7,1056,31.1,2.6,68.3,8.4,739,38,679,231,34,461,408,1.6,76.5,293,8.62,853,25.09
Kentucky (SEC),3,2,76.7,457,1.1,5.1,47.8,769,1907,40.3,780,74,538,1268,38.4,972,29.5,9,65.4,11.3,547,36.4,731,256,35,414,417,-0.1,81.8,383,11.61,885,26.82
Purdue (Big Ten),3,3,76.2,462,1.35,4,44.6,732,1739,42.1,564,73.2,560,1177,36.8,1011,31.6,5.2,66.8,9.4,854,36.4,748,257,34.4,417,342,2.3,71.9,391,12.22,786,24.56
Colgate (Patriot),0,15,75.8,531,1.2,3.5,48,854,1969,43.4,557,74.1,532,1209,35.6,1074,31.6,4,70,5.8,786,38.8,798,268,33.6,414,443,-0.9,70.6,323,9.5,886,26.06
Houston (AAC),2,3,75.6,503,1.3,4.5,44.4,690,1880,36.7,647,70.2,648,1391,40.9,1142,33.6,7.3,61.2,14.4,871,35.9,772,213,27.6,418,386,0.9,91.2,425,12.5,966,28.41
FDU (NEC),0,16,75.4,466,1.05,3.6,47.8,846,1913,44.2,660,73.2,554,1085,32.9,1112,33.7,-0.8,71.3,4.2,630,40.3,740,253,34.2,486,445,1.2,60.6,308,9.33,777,23.55
Ole Miss (SEC),0,8,75.4,459,1.13,3.6,45.9,798,1810,44.1,585,78.3,579,1098,34.3,1048,32.8,1.6,70.4,5,729,35.8,631,235,37.2,467,405,1.9,62.5,315,9.84,783,24.47
Kansas (Big 12),1,4,75.4,453,1,3.9,46.2,850,2083,40.8,661,69.7,575,1294,38.1,1208,35.5,2.5,70.1,5.3,702,35,863,290,33.6,449,455,-0.2,73.5,353,10.38,941,27.68
Florida St. (ACC),2,4,74.9,438,0.95,4.3,44.3,774,1891,40.9,721,74.1,651,1271,37.4,1112,32.7,4.7,67.1,7.8,760,33.6,734,239,32.6,486,459,0.8,79.4,389,11.44,882,25.94
Temple (AAC),0,11,74.8,463,1.3,2.3,43.9,813,1844,44.1,636,73.1,559,1097,34.3,1189,37.2,-2.9,71.2,3.7,726,33.1,704,230,32.7,476,357,3.7,71.9,311,9.72,786,24.56
Louisville (ACC),0,7,74.5,442,1.08,3,43.4,790,1950,40.5,670,77.5,570,1262,38.2,1141,34.6,3.7,67.8,6.7,834,34.2,720,228,31.7,375,409,-1,60.6,338,10.24,924,28
Abilene Christian (Southland),0,15,74.5,515,1.3,2.7,47.4,723,1681,43,632,71.5,619,1093,33.1,1037,31.4,1.7,63.1,11.4,637,38.6,564,187,33.2,548,397,4.6,81.8,325,9.85,768,23.27
Villanova (Big East),1,6,74.5,485,1.26,3,43.9,825,1903,43.4,675,72.7,558,1204,35.4,1119,32.9,2.5,67.1,7.4,1023,35.3,747,250,33.5,409,384,0.7,73.5,357,10.5,847,24.91
Liberty (ASUN),1,12,74,505,1.35,2.7,49,741,1785,41.5,485,77.1,513,1113,32.7,1039,30.6,2.2,60.8,13.2,817,36.7,675,216,32,464,373,2.7,82.4,264,7.76,849,24.97
Virginia Tech (ACC),2,4,74,491,1.35,2.3,47.5,690,1701,40.6,545,75.8,489,1043,32.6,958,29.9,2.7,62.1,11.9,779,39.4,853,283,33.2,451,364,2.7,75,285,8.91,758,23.69
Seton Hall (Big East),0,10,73.9,447,1.09,3.9,44.1,819,1920,42.7,682,70.8,619,1183,35.8,1190,36.1,-0.2,71.4,2.5,714,32.4,765,257,33.6,469,410,1.8,60.6,351,10.64,832,25.21
Vermont (America East),0,13,73.9,390,1.08,4,45.9,747,1779,42,665,75.2,542,1161,35.2,1011,30.6,4.5,62.6,11.3,729,35.3,681,237,34.8,433,361,2.2,81.8,307,9.3,854,25.88
North Dakota St. (Summit League),0,16,73.2,383,1.09,2.5,45.6,885,1921,46.1,575,77.4,492,1041,31.5,1087,32.9,-1.4,72.2,1,861,36.6,681,244,35.8,328,350,-0.7,54.5,218,6.61,823,24.94
Texas Tech (Big 12),5,3,73.1,449,1.13,4.9,47.2,626,1699,36.8,595,72.8,569,1097,34.3,1028,32.1,2.2,59.3,13.8,631,36.8,674,203,30.1,501,396,3.3,81.3,283,8.84,814,25.44
Saint Mary's (CA) (WCC),0,11,72.9,332,0.95,2.5,47.4,779,1785,43.6,549,74.5,560,1146,34.7,965,29.2,5.5,64.4,8.5,648,37.8,560,178,31.8,351,349,0.1,66.7,324,9.82,822,24.91
UC Irvine (Big West),1,13,72.9,466,1.13,4.3,45.9,760,2000,38,608,69.6,648,1411,40.3,1155,33,7.3,63.3,9.6,660,36.1,663,220,33.2,399,412,-0.4,85.7,412,11.77,999,28.54
UCF (AAC),1,9,72.1,411,1.11,4.5,46.3,715,1810,39.5,767,64.5,524,1139,36.7,1072,34.6,2.2,64.3,7.8,596,35.4,693,217,31.3,381,369,0.4,74.2,304,9.81,835,26.94
Virginia (ACC),6,1,71.8,464,1.61,3.8,47.8,636,1675,38,520,74.6,469,1108,34.6,952,29.8,4.9,55.1,16.8,663,40.9,685,186,27.2,351,289,1.9,90.6,284,8.88,824,25.75
Baylor (Big 12),1,9,71.7,443,1.04,4.8,44,743,1761,42.2,604,67.4,601,1216,38,1013,31.7,6.3,67.2,4.5,748,34,665,227,34.1,397,425,-0.9,59.4,429,13.41,787,24.59
VCU (Atlantic 10),0,8,71.4,444,0.99,4.5,44.2,678,1765,38.4,652,69.8,634,1177,36.8,1137,35.5,1.3,61.6,9.8,745,30.7,590,163,27.6,521,448,2.3,78.1,347,10.84,830,25.94
Maryland (Big Ten),1,6,71.3,423,1,4.8,45.4,744,1875,39.7,584,74.8,495,1253,39.2,979,30.6,8.6,65.1,6.3,657,35.3,738,236,32,303,422,-3.7,68.8,351,10.97,902,28.19
Oklahoma (Big 12),1,9,71.2,406,1.04,3.1,44.5,796,1978,40.2,586,69.1,504,1203,37.6,1187,37.1,0.5,68.2,2.9,619,34.2,810,270,33.3,392,390,0.1,59.4,295,9.22,908,28.38
Minnesota (Big Ten),1,10,70.8,506,1.24,4,43.7,868,1999,43.4,808,67.9,550,1259,37,1171,34.4,2.6,69.2,1.6,554,32.1,673,228,33.9,386,408,-0.6,61.8,389,11.44,870,25.59
Oregon (Pac-12),2,12,70.5,467,1.13,4.2,45,747,1860,40.2,597,71.9,622,1205,34.4,1144,32.7,1.7,62.9,7.5,775,34.3,840,247,29.4,489,413,2.2,65.7,340,9.71,865,24.71
Michigan (Big Ten),2,2,70.4,475,1.58,4.2,45,760,1903,39.9,526,69.8,479,1185,34.9,1178,34.6,0.2,58.6,11.8,782,35,554,160,28.9,407,300,3.1,82.4,282,8.29,903,26.56
Washington (Pac-12),1,9,69.8,397,0.87,5.7,45.3,763,1841,41.4,648,69.4,626,1074,31.6,1162,34.2,-2.6,64.4,5.4,734,34.6,650,215,33.1,552,454,2.9,76.5,322,9.47,752,22.12
Syracuse (ACC),0,8,69.7,396,0.96,4.8,42.4,718,1807,39.7,683,68.1,575,1148,34.8,1224,37.1,-2.3,65.7,4,795,33,860,278,32.3,517,411,3.2,60.6,356,10.79,792,24
Ohio St. (Big Ten),1,11,69.6,470,1.14,2.5,43.7,765,1820,42,620,73.4,592,1147,34.8,1103,33.4,1.3,66.2,3.4,725,34.3,681,225,33,408,414,-0.2,57.6,310,9.39,837,25.36
Wisconsin (Big Ten),0,5,69.1,421,1.34,4.2,45.3,746,1899,39.3,518,64.9,497,1162,35.2,1172,35.5,-0.3,61.4,7.6,642,36.6,667,208,31.2,375,315,1.8,69.7,269,8.15,893,27.06
Florida (SEC),1,10,68.3,416,1.04,3.7,42.7,763,1804,42.3,579,71.8,583,1138,33.5,1159,34.1,-0.6,63.6,4.6,828,33.5,685,219,32,503,400,3,55.9,361,10.62,777,22.85
Saint Louis (Atlantic 10),0,13,67.1,454,1.02,4.1,41.8,778,1900,40.9,793,59.8,612,1391,39.7,1163,33.2,6.5,63.7,3.3,652,30.8,719,226,31.4,454,445,0.3,65.7,483,13.8,908,25.94
Bradley (MVC),0,15,66.6,411,0.95,3.8,43.4,756,1838,41.1,654,69.3,596,1169,34.4,1127,33.1,1.2,65,1.6,632,36.6,734,241,32.8,425,431,-0.2,58.8,314,9.24,855,25.15
Old Dominion (CUSA),0,14,66.2,435,1.09,4.6,41.1,717,1834,39.1,579,66,560,1324,38.9,1156,34,4.9,60.9,5.3,731,35.3,735,239,32.5,413,399,0.4,76.5,408,12,916,26.94
Kansas St. (Big 12),0,4,65.8,454,1.22,2.3,43.1,695,1678,41.4,559,66.4,533,1098,33.3,1060,32.1,1.2,59.2,6.6,694,33.6,718,224,31.2,490,372,3.6,75.8,312,9.45,786,23.82
